Protocollo;Gruppo;DataOraIncidente;Localizzazione1;STRADA1;Localizzazione2;STRADA2;Strada02;Chilometrica;DaSpecificare;NaturaIncidente;particolaritastrade;TipoStrada;FondoStradale;Pavimentazione;Segnaletica;CondizioneAtmosferica;Traffico;Visibilita;Illuminazione;NUM_FERITI;NUM_RISERVATA;NUM_MORTI;NUM_ILLESI;Longitudine;Latitudine;Confermato;Progressivo;TipoVeicolo;StatoVeicolo;TipoPersona;Sesso;Tipolesione;Deceduto;DecedutoDopo;CinturaCascoUtilizzato;Airbag;
3941705;8;01/08/2018 14:10:00;Strada Urbana;VIA PRENESTINA;all'intersezione con;VIA AVOLA;VIA AVOLA;;;Tamponamento Multiplo;Incrocio;Una carreggiata a doppio senso;Asciutto;Asfaltata;Verticale ed orizzontale;Sereno;Normale;Buona;Ore Diurne;0;0;0;4;12.6153;41.8933;-1;1;Autovettura privata;In marcia / fermata / arresto;Passeggero;M;Illeso;0;;Non accertato;Inesploso
3941705;8;01/08/2018 14:10:00;Strada Urbana;VIA PRENESTINA;all'intersezione con;VIA AVOLA;VIA AVOLA;;;Tamponamento Multiplo;Incrocio;Una carreggiata a doppio senso;Asciutto;Asfaltata;Verticale ed orizzontale;Sereno;Normale;Buona;Ore Diurne;0;0;0;4;12.6153;41.8933;-1;2;Autovettura privata;In marcia / fermata / arresto;Conducente;M;Illeso;0;;Non accertato;Inesploso
3941705;8;01/08/2018 14:10:00;Strada Urbana;VIA PRENESTINA;all'intersezione con;VIA AVOLA;VIA AVOLA;;;Tamponamento Multiplo;Incrocio;Una carreggiata a doppio senso;Asciutto;Asfaltata;Verticale ed orizzontale;Sereno;Normale;Buona;Ore Diurne;0;0;0;4;12.6153;41.8933;-1;3;Autovettura privata;In marcia / fermata / arresto;Conducente;M;Illeso;0;;Non accertato;Inesploso
3941709;8;01/08/2018 16:45:00;Statale entro l'abitato;VIA CASILINA;in corrispondenza;;del civico n.;1820;;Tamponamento Multiplo;Rettilineo;Una carreggiata a doppio senso;Asciutto;Asfaltata;Verticale ed orizzontale;Sereno;Normale;Buona;Ore Diurne;0;0;0;4;12.6831;41.8627;-1;1;Autovettura privata;In marcia / fermata / arresto;Conducente;M;Illeso;0;;Non accertato;Inesploso
3941709;8;01/08/2018 16:45:00;Statale entro l'abitato;VIA CASILINA;in corrispondenza;;del civico n.;1820;;Tamponamento Multiplo;Rettilineo;Una carreggiata a doppio senso;Asciutto;Asfaltata;Verticale ed orizzontale;Sereno;Normale;Buona;Ore Diurne;0;0;0;4;12.6831;41.8627;-1;1;Autovettura privata;In marcia / fermata / arresto;Passeggero;M;Illeso;0;;Non accertato;Inesploso
3941709;8;01/08/2018 16:45:00;Statale entro l'abitato;VIA CASILINA;in corrispondenza;;del civico n.;1820;;Tamponamento Multiplo;Rettilineo;Una carreggiata a doppio senso;Asciutto;Asfaltata;Verticale ed orizzontale;Sereno;Normale;Buona;Ore Diurne;0;0;0;4;12.6831;41.8627;-1;2;Autovettura privata;In marcia / fermata / arresto;Conducente;F;Illeso;0;;Non accertato;Inesploso
3941709;8;01/08/2018 16:45:00;Statale entro l'abitato;VIA CASILINA;in corrispondenza;;del civico n.;1820;;Tamponamento Multiplo;Rettilineo;Una carreggiata a doppio senso;Asciutto;Asfaltata;Verticale ed orizzontale;Sereno;Normale;Buona;Ore Diurne;0;0;0;4;12.6831;41.8627;-1;3;Autovettura privata;In marcia / fermata / arresto;Conducente;F;Illeso;0;;Non accertato;Inesistente
3941716;8;01/08/2018 17:45:00;Strada Urbana;VIA ANGELO BIANCHI;all'intersezione con;VIA ANTONIO INGEGNOLI;VIA ANTONIO INGEGNOLI;;;Scontro frontale/laterale DX fra veicoli in marcia;Incrocio;Una carreggiata a senso unico di marcia;Asciutto;Asfaltata;Verticale;Sereno;Scarso;Buona;Ore Diurne;1;0;0;2;12.6188;41.8595;-1;1;Autovettura privata;In marcia / fermata / arresto;Conducente;F;Illeso;0;;Non accertato;Inesploso
3941716;8;01/08/2018 17:45:00;Strada Urbana;VIA ANGELO BIANCHI;all'intersezione con;VIA ANTONIO INGEGNOLI;VIA ANTONIO INGEGNOLI;;;Scontro frontale/laterale DX fra veicoli in marcia;Incrocio;Una carreggiata a senso unico di marcia;Asciutto;Asfaltata;Verticale;Sereno;Scarso;Buona;Ore Diurne;1;0;0;2;12.6188;41.8595;-1;1;Autovettura privata;In marcia / fermata / arresto;Passeggero;M;Rifiuta cure immediate;0;NON DECEDUTO;Non accertato;
3941716;8;01/08/2018 17:45:00;Strada Urbana;VIA ANGELO BIANCHI;all'intersezione con;VIA ANTONIO INGEGNOLI;VIA ANTONIO INGEGNOLI;;;Scontro frontale/laterale DX fra veicoli in marcia;Incrocio;Una carreggiata a senso unico di marcia;Asciutto;Asfaltata;Verticale;Sereno;Scarso;Buona;Ore Diurne;1;0;0;2;12.6188;41.8595;-1;2;Autovettura privata;In marcia / fermata / arresto;Conducente;F;Illeso;0;;Non accertato;Inesploso
3941725;11;01/08/2018 14:30:00;Strada Urbana;VIA LAURENTINA;in corrispondenza;;del civico n.;460;;Scontro frontale/laterale SX fra veicoli in marcia;Rettilineo;Due carreggiate;Asciutto;Asfaltata;Assente;Sereno;Normale;Buona;Ore Diurne;0;0;0;2;12.4805;41.8318;-1;1;Autovettura privata;In marcia / fermata / arresto;Conducente;M;Illeso;0;;;
3941725;11;01/08/2018 14:30:00;Strada Urbana;VIA LAURENTINA;in corrispondenza;;del civico n.;460;;Scontro frontale/laterale SX fra veicoli in marcia;Rettilineo;Due carreggiate;Asciutto;Asfaltata;Assente;Sereno;Normale;Buona;Ore Diurne;0;0;0;2;12.4805;41.8318;-1;2;Motociclo a solo;In marcia / fermata / arresto;Conducente;M;Illeso;0;;;
3941734;4;01/08/2018 13:15:00;Statale;VIA SALARIA;in prossimità;;del civico n.;851;;Tamponamento;Rettilineo;Due carreggiate;Asciutto;Asfaltata;Verticale ed orizzontale;Sereno;Normale;Buona;Ore Diurne;0;0;0;2;12.5057;41.952;-1;1;Motociclo a solo;In marcia / fermata / arresto;Conducente;M;Illeso;0;;Non accertato;
3941734;4;01/08/2018 13:15:00;Statale;VIA SALARIA;in prossimità;;del civico n.;851;;Tamponamento;Rettilineo;Due carreggiate;Asciutto;Asfaltata;Verticale ed orizzontale;Sereno;Normale;Buona;Ore Diurne;0;0;0;2;12.5057;41.952;-1;2;Autovettura privata;In marcia / fermata / arresto;Conducente;M;Illeso;0;;Non accertato;
3941736;8;01/08/2018 18:10:00;Strada Urbana;VIA DEL FOSSO DELL'OSA;all'intersezione con;VIA FRISA;VIA FRISA;;;Scontro frontale/laterale DX fra veicoli in marcia;Intersezione stradale segnalata;Una carreggiata a doppio senso;Asciutto;Asfaltata;Verticale ed orizzontale;Sereno;Normale;Buona;Ore Diurne;0;0;0;3;12.6842;41.9059;-1;1;Autovettura privata;In marcia / fermata / arresto;Conducente;M;Illeso;0;;Non accertato;
3941736;8;01/08/2018 18:10:00;Strada Urbana;VIA DEL FOSSO DELL'OSA;all'intersezione con;VIA FRISA;VIA FRISA;;;Scontro frontale/laterale DX fra veicoli in marcia;Intersezione stradale segnalata;Una carreggiata a doppio senso;Asciutto;Asfaltata;Verticale ed orizzontale;Sereno;Normale;Buona;Ore Diurne;0;0;0;3;12.6842;41.9059;-1;2;Autovettura privata;In marcia / fermata / arresto;Conducente;M;Illeso;0;;Non accertato;Inesploso
3941736;8;01/08/2018 18:10:00;Strada Urbana;VIA DEL FOSSO DELL'OSA;all'intersezione con;VIA FRISA;VIA FRISA;;;Scontro frontale/laterale DX fra veicoli in marcia;Intersezione stradale segnalata;Una carreggiata a doppio senso;Asciutto;Asfaltata;Verticale ed orizzontale;Sereno;Normale;Buona;Ore Diurne;0;0;0;3;12.6842;41.9059;-1;2;Autovettura privata;In marcia / fermata / arresto;Passeggero;M;Illeso;0;;Non accertato;Inesploso
3941747;11;02/08/2018 00:20:00;Strada Urbana;VIA CRISTOFORO COLOMBO;all'intersezione semaforizzata con;VIA GIOVANNI GENOCCHI;VIA GIOVANNI GENOCCHI;;;Scontro laterale fra veicoli in marcia;Intersezione semaforizzata;Più di due carreggiate;Asciutto;Asfaltata;Verticale ed orizzontale;Sereno;Scarso;Sufficiente;Sufficiente;0;0;0;4;12.4965;41.8586;-1;1;Autovettura privata;In marcia / fermata / arresto;Conducente;M;Illeso;0;;Non accertato;
3941747;11;02/08/2018 00:20:00;Strada Urbana;VIA CRISTOFORO COLOMBO;all'intersezione semaforizzata con;VIA GIOVANNI GENOCCHI;VIA GIOVANNI GENOCCHI;;;Scontro laterale fra veicoli in marcia;Intersezione semaforizzata;Più di due carreggiate;Asciutto;Asfaltata;Verticale ed orizzontale;Sereno;Scarso;Sufficiente;Sufficiente;0;0;0;4;12.4965;41.8586;-1;1;Autovettura privata;In marcia / fermata / arresto;Passeggero;M;Illeso;0;;Non accertato;
3941747;11;02/08/2018 00:20:00;Strada Urbana;VIA CRISTOFORO COLOMBO;all'intersezione semaforizzata con;VIA GIOVANNI GENOCCHI;VIA GIOVANNI GENOCCHI;;;Scontro laterale fra veicoli in marcia;Intersezione semaforizzata;Più di due carreggiate;Asciutto;Asfaltata;Verticale ed orizzontale;Sereno;Scarso;Sufficiente;Sufficiente;0;0;0;4;12.4965;41.8586;-1;2;Autovettura privata;In marcia / fermata / arresto;Conducente;M;Illeso;0;;Non accertato;
3941747;11;02/08/2018 00:20:00;Strada Urbana;VIA CRISTOFORO COLOMBO;all'intersezione semaforizzata con;VIA GIOVANNI GENOCCHI;VIA GIOVANNI GENOCCHI;;;Scontro laterale fra veicoli in marcia;Intersezione semaforizzata;Più di due carreggiate;Asciutto;Asfaltata;Verticale ed orizzontale;Sereno;Scarso;Sufficiente;Sufficiente;0;0;0;4;12.4965;41.8586;-1;2;Autovettura privata;In marcia / fermata / arresto;Passeggero;M;Illeso;0;;Non accertato;
3941760;4;01/08/2018 16:15:00;Strada Urbana;VIADOTTO GIUSEPPE SARAGAT;da specificare;;;;altezza inversione di marcia direz. Colle Salario;Veicolo in marcia contro ostacolo fisso;Curva a visuale libera;Due carreggiate;Asciutto;Asfaltata;Verticale ed orizzontale;Sereno;Scarso;Buona;Ore Diurne;0;0;0;1;12.5208;41.9737;-1;1;Autovettura privata;In marcia / fermata / arresto;Conducente;M;Illeso;0;;;
3941807;13;01/08/2018 23:00:00;Strada Urbana;VIA DELLE FIAMME GIALLE;all'intersezione con;PIAZZA DELLE FIAMME GIALLE;PIAZZA DELLE FIAMME GIALLE;;;Veicolo in marcia contro veicoli in sosta;Incrocio;Una carreggiata a doppio senso;Asciutto;Asfaltata;Verticale ed orizzontale;Sereno;Scarso;Buona;Sufficiente;1;0;0;0;12.2944;41.7307;-1;1;Autovettura privata;In marcia / fermata / arresto;Conducente;M;Rimandato;0;NON DECEDUTO;Non accertato;Inesploso
3941809;1;01/08/2018 18:10:00;Strada Urbana;VIA CAVOUR;in prossimità;;del civico n.;197;;Tamponamento Multiplo;Rettilineo;Una carreggiata a doppio senso;Asciutto;Asfaltata;Verticale ed orizzontale;Sereno;Normale;Buona;Ore Diurne;1;0;0;2;12.4935;41.8951;-1;1;Autovettura privata;In marcia / fermata / arresto;Conducente;M;Illeso;0;;Non accertato;
3941809;1;01/08/2018 18:10:00;Strada Urbana;VIA CAVOUR;in prossimità;;del civico n.;197;;Tamponamento Multiplo;Rettilineo;Una carreggiata a doppio senso;Asciutto;Asfaltata;Verticale ed orizzontale;Sereno;Normale;Buona;Ore Diurne;1;0;0;2;12.4935;41.8951;-1;2;Autovettura pubblica;In marcia / fermata / arresto;Conducente;M;Illeso;0;;Non accertato;
3941809;1;01/08/2018 18:10:00;Strada Urbana;VIA CAVOUR;in prossimità;;del civico n.;197;;Tamponamento Multiplo;Rettilineo;Una carreggiata a doppio senso;Asciutto;Asfaltata;Verticale ed orizzontale;Sereno;Normale;Buona;Ore Diurne;1;0;0;2;12.4935;41.8951;-1;3;Autovettura privata;In marcia / fermata / arresto;Conducente;F;Rimandato;0;NON DECEDUTO;Non accertato;
3941823;4;01/08/2018 19:40:00;Strada Urbana;VIALE SORA LELLA;all'intersezione con;VIA ROBERTO ROSSELLINI;VIA ROBERTO ROSSELLINI;;;Veicolo in marcia contro ostacolo accidentale;Rotatoria;Due carreggiate;Asciutto;Asfaltata;Assente;Sereno;Scarso;Buona;Ore Diurne;0;0;0;1;12.5697;41.9522;-1;1;Autovettura privata;In marcia / fermata / arresto;Conducente;M;Illeso;0;;;
3941899;13;02/08/2018 02:15:00;Strada Urbana;PIAZZA GIOVANNI SEGANTINI;da specificare;;;;prossimità VIA DI SAPONARA;Veicolo in marcia contro veicolo in sosta;Rotatoria;Una carreggiata a senso unico di marcia;Asciutto;Asfaltata;Verticale ed orizzontale;Sereno;Scarso;Buona;Sufficiente;0;0;0;3;12.3552;41.7777;-1;1;Autovettura privata;In marcia / fermata / arresto;Conducente;F;Illeso;0;;Non accertato;Inesploso
3941899;13;02/08/2018 02:15:00;Strada Urbana;PIAZZA GIOVANNI SEGANTINI;da specificare;;;;prossimità VIA DI SAPONARA;Veicolo in marcia contro veicolo in sosta;Rotatoria;Una carreggiata a senso unico di marcia;Asciutto;Asfaltata;Verticale ed orizzontale;Sereno;Scarso;Buona;Sufficiente;0;0;0;3;12.3552;41.7777;-1;1;Autovettura privata;In marcia / fermata / arresto;Passeggero;M;Illeso;0;;Non accertato;Inesploso
3941899;13;02/08/2018 02:15:00;Strada Urbana;PIAZZA GIOVANNI SEGANTINI;da specificare;;;;prossimità VIA DI SAPONARA;Veicolo in marcia contro veicolo in sosta;Rotatoria;Una carreggiata a senso unico di marcia;Asciutto;Asfaltata;Verticale ed orizzontale;Sereno;Scarso;Buona;Sufficiente;0;0;0;3;12.3552;41.7777;-1;1;Autovettura privata;In marcia / fermata / arresto;Passeggero;F;Illeso;0;;Non accertato;Inesploso
3941907;23;01/08/2018 09:10:00;Comunale extraurbana;VIA CRISTOFORO COLOMBO;all'intersezione semaforizzata con;VIA DEL CANALE DELLA LINGUA;VIA DEL CANALE DELLA LINGUA;;;Tamponamento;Incrocio;Più di due carreggiate;Asciutto;Asfaltata;Verticale ed orizzontale;Sereno;Normale;Buona;Ore Diurne;0;0;0;3;12.3457;41.7363;-1;1;Autovettura privata;In marcia / fermata / arresto;Conducente;F;Illeso;0;;Utilizzato;Inesploso
3941907;23;01/08/2018 09:10:00;Comunale extraurbana;VIA CRISTOFORO COLOMBO;all'intersezione semaforizzata con;VIA DEL CANALE DELLA LINGUA;VIA DEL CANALE DELLA LINGUA;;;Tamponamento;Incrocio;Più di due carreggiate;Asciutto;Asfaltata;Verticale ed orizzontale;Sereno;Normale;Buona;Ore Diurne;0;0;0;3;12.3457;41.7363;-1;2;Autovettura privata;In marcia / fermata / arresto;Conducente;F;Illeso;0;;Utilizzato;Inesploso
3941907;23;01/08/2018 09:10:00;Comunale extraurbana;VIA CRISTOFORO COLOMBO;all'intersezione semaforizzata con;VIA DEL CANALE DELLA LINGUA;VIA DEL CANALE DELLA LINGUA;;;Tamponamento;Incrocio;Più di due carreggiate;Asciutto;Asfaltata;Verticale ed orizzontale;Sereno;Normale;Buona;Ore Diurne;0;0;0;3;12.3457;41.7363;-1;2;Autovettura privata;In marcia / fermata / arresto;Passeggero;F;Illeso;0;;Utilizzato;Inesploso
3941908;1;01/08/2018 14:40:00;Strada Urbana;LUNGOTEVERE DEI VALLATI;in prossimità;;del civico n.;5;;Veicolo in marcia contro veicolo in sosta;Rettilineo;Una carreggiata a senso unico di marcia;Asciutto;Asfaltata;Verticale ed orizzontale;Sereno;Normale;Buona;Ore Diurne;0;0;0;1;12.4716;41.8925;-1;2;Autovettura pubblica;In marcia / fermata / arresto;Conducente;M;Illeso;0;;Non accertato;Inesploso
3941964;10;02/08/2018 10:40:00;Strada Urbana;VIA ORAZIO PULVILLO;in corrispondenza;;del civico n.;9;;Veicolo in marcia contro veicolo arresto;Rettilineo;Due carreggiate;Asciutto;Asfaltata;Verticale ed orizzontale;Sereno;Normale;Sufficiente;Ore Diurne;1;0;0;2;12.568;41.8541;-1;1;Motociclo a solo;In marcia / fermata / arresto;Conducente;M;Rimandato;0;NON DECEDUTO;Non accertato;
3941964;10;02/08/2018 10:40:00;Strada Urbana;VIA ORAZIO PULVILLO;in corrispondenza;;del civico n.;9;;Veicolo in marcia contro veicolo arresto;Rettilineo;Due carreggiate;Asciutto;Asfaltata;Verticale ed orizzontale;Sereno;Normale;Sufficiente;Ore Diurne;1;0;0;2;12.568;41.8541;-1;2;Autovettura privata;In marcia / fermata / arresto;Conducente;M;Illeso;0;;Non accertato;Inesploso
3941964;10;02/08/2018 10:40:00;Strada Urbana;VIA ORAZIO PULVILLO;in corrispondenza;;del civico n.;9;;Veicolo in marcia contro veicolo arresto;Rettilineo;Due carreggiate;Asciutto;Asfaltata;Verticale ed orizzontale;Sereno;Normale;Sufficiente;Ore Diurne;1;0;0;2;12.568;41.8541;-1;2;Autovettura privata;In marcia / fermata / arresto;Passeggero;M;Illeso;0;;Non accertato;Inesploso
3941980;2;01/08/2018 12:15:00;Strada Urbana;VIA BACCHIGLIONE;in prossimità;;del civico n.;3;;Scontro frontale/laterale DX fra veicoli in marcia;Rettilineo;Una carreggiata a senso unico di marcia;Asciutto;Asfaltata;Verticale ed orizzontale;Sereno;Scarso;Buona;Ore Diurne;0;0;0;2;12.5095;41.9237;-1;1;Autovettura privata;In marcia / fermata / arresto;Conducente;M;Illeso;0;;;
3941980;2;01/08/2018 12:15:00;Strada Urbana;VIA BACCHIGLIONE;in prossimità;;del civico n.;3;;Scontro frontale/laterale DX fra veicoli in marcia;Rettilineo;Una carreggiata a senso unico di marcia;Asciutto;Asfaltata;Verticale ed orizzontale;Sereno;Scarso;Buona;Ore Diurne;0;0;0;2;12.5095;41.9237;-1;2;Autocarro inferiore 35 q.;In marcia / fermata / arresto;Conducente;M;Illeso;0;;;
3942016;19;02/08/2018 05:20:00;Strada Urbana;VIA ALBERTO CADLOLO;in prossimità;;del civico n.;82;;Veicolo in marcia contro veicoli in sosta;Curva a visuale libera;Una carreggiata a doppio senso;Asciutto;Asfaltata;Orizzontale;Sereno;Normale;Sufficiente;Sufficiente;1;0;0;0;12.4461;41.9198;-1;1;Autovettura privata;In marcia / fermata / arresto;Conducente;M;Rimandato;0;NON DECEDUTO;;
3942042;18;02/08/2018 07:15:00;Strada Urbana;VIA DI BOCCEA;in corrispondenza;;del civico n.;271;;Investimento di pedone;Rettilineo;Una carreggiata a doppio senso;Asciutto;Asfaltata;Verticale ed orizzontale;Sereno;Normale;Buona;Ore Diurne;1;0;1;0;12.4159;41.9032;-1;;;;Pedone;F;Prognosi riservata;0;DECEDUTO ENTRO SETTIMO GIORNO;;
3942042;18;02/08/2018 07:15:00;Strada Urbana;VIA DI BOCCEA;in corrispondenza;;del civico n.;271;;Investimento di pedone;Rettilineo;Una carreggiata a doppio senso;Asciutto;Asfaltata;Verticale ed orizzontale;Sereno;Normale;Buona;Ore Diurne;1;0;1;0;12.4159;41.9032;-1;1;Motociclo a solo;In marcia / fermata / arresto;Conducente;M;Rimandato;0;NON DECEDUTO;Non accertato;
3942193;1;02/08/2018 01:30:00;Strada Urbana;VIA DELLA LUNGARA;in corrispondenza;;del civico n.;45;;Veicolo in marcia contro ostacolo accidentale;Rettilineo;Una carreggiata a senso unico di marcia;Viscido da liquidi oleosi;In cubetti di porfido;Verticale ed orizzontale;Sereno;Scarso;Buona;Sufficiente;0;0;0;1;12.4643;41.8967;-1;1;Motociclo a solo;In marcia / fermata / arresto;Conducente;M;Illeso;0;;;
3942218;1;02/08/2018 12:10:00;Strada Urbana;VIALE DELLE TERME DI CARACALLA;da specificare;;;;ALT. ALBERO N. 45;Veicolo in marcia contro ostacolo fisso;Rettilineo;Una carreggiata a senso unico di marcia;Asciutto;Sterrata;Assente;Pioggia in atto;Intenso;Buona;Ore Diurne;1;0;0;0;;;0;1;Autovettura privata;In marcia / fermata / arresto;Conducente;F;Rimandato;0;NON DECEDUTO;Non accertato;Inesploso
3942366;6;02/08/2018 14:09:00;Strada Urbana;VIA COLLATINA;all'intersezione semaforizzata con;VIA PRENESTINA;VIA PRENESTINA;;;Veicolo in marcia contro ostacolo accidentale;Intersezione semaforizzata;Una carreggiata a doppio senso;Asciutto;Asfaltata;Verticale ed orizzontale;Sereno;Normale;Buona;Ore Diurne;0;0;0;1;12.6661;41.9223;-1;1;Autovettura privata;In marcia / fermata / arresto;Conducente;M;Illeso;0;;;
3942443;9;02/08/2018 12:50:00;;VIA TUSCOLANA;da specificare;;;;PROSSIMITA' VIA PATRICA;Scontro laterale fra veicoli in marcia;;;;;;;;;;0;0;0;3;;;0;1;Motrice;In marcia / fermata / arresto;Conducente;M;Illeso;0;;;
3942443;9;02/08/2018 12:50:00;;VIA TUSCOLANA;da specificare;;;;PROSSIMITA' VIA PATRICA;Scontro laterale fra veicoli in marcia;;;;;;;;;;0;0;0;3;;;0;2;Rimorchio;In marcia / fermata / arresto;Conducente;M;Illeso;0;;;
3942443;9;02/08/2018 12:50:00;;VIA TUSCOLANA;da specificare;;;;PROSSIMITA' VIA PATRICA;Scontro laterale fra veicoli in marcia;;;;;;;;;;0;0;0;3;;;0;3;Autovettura privata;In marcia / fermata / arresto;Conducente;F;Illeso;0;;;
3942495;17;02/08/2018 12:10:00;Strada Urbana;VIA VALADIER;in prossimità;;del civico n.;53;;Scontro frontale/laterale SX fra veicoli in marcia;Rettilineo;Una carreggiata a senso unico di marcia;Asciutto;Asfaltata;Verticale ed orizzontale;Sereno;Normale;Buona;Ore Diurne;0;0;0;3;12.4673;41.9076;-1;1;Autovettura privata;In marcia / fermata / arresto;Conducente;F;Illeso;0;;;
3942495;17;02/08/2018 12:10:00;Strada Urbana;VIA VALADIER;in prossimità;;del civico n.;53;;Scontro frontale/laterale SX fra veicoli in marcia;Rettilineo;Una carreggiata a senso unico di marcia;Asciutto;Asfaltata;Verticale ed orizzontale;Sereno;Normale;Buona;Ore Diurne;0;0;0;3;12.4673;41.9076;-1;2;Autovettura privata;In marcia / fermata / arresto;Conducente;F;Illeso;0;;;
3942495;17;02/08/2018 12:10:00;Strada Urbana;VIA VALADIER;in prossimità;;del civico n.;53;;Scontro frontale/laterale SX fra veicoli in marcia;Rettilineo;Una carreggiata a senso unico di marcia;Asciutto;Asfaltata;Verticale ed orizzontale;Sereno;Normale;Buona;Ore Diurne;0;0;0;3;12.4673;41.9076;-1;2;Autovettura privata;In marcia / fermata / arresto;Passeggero;F;Illeso;0;;;
3942647;7;02/08/2018 22:10:00;Strada Urbana;VIA TUSCOLANA;in prossimità;;del civico n.;262;;Investimento di pedone;Rettilineo;Una carreggiata a doppio senso;Asciutto;Asfaltata;Orizzontale;Sereno;Normale;Buona;Sufficiente;0;0;1;1;12.5249;41.8774;-1;;;;Pedone;F;Deceduto sul posto;-1;;;
3942647;7;02/08/2018 22:10:00;Strada Urbana;VIA TUSCOLANA;in prossimità;;del civico n.;262;;Investimento di pedone;Rettilineo;Una carreggiata a doppio senso;Asciutto;Asfaltata;Orizzontale;Sereno;Normale;Buona;Sufficiente;0;0;1;1;12.5249;41.8774;-1;1;Autovettura privata;In marcia / fermata / arresto;Conducente;M;Illeso;0;;Non accertato;
3942734;8;02/08/2018 16:05:00;Strada Urbana;VIA DON PRIMO MAZZOLARI;da specificare;;;;alt. fermata Bus Mazzolari;Investimento di pedone;Rettilineo;Una carreggiata a doppio senso;Asciutto;Asfaltata;Verticale ed orizzontale;Sereno;Normale;Buona;Ore Diurne;2;0;0;1;12.6729;41.8962;-1;;;;Pedone;M;Rimandato;0;NON DECEDUTO;;
3942734;8;02/08/2018 16:05:00;Strada Urbana;VIA DON PRIMO MAZZOLARI;da specificare;;;;alt. fermata Bus Mazzolari;Investimento di pedone;Rettilineo;Una carreggiata a doppio senso;Asciutto;Asfaltata;Verticale ed orizzontale;Sereno;Normale;Buona;Ore Diurne;2;0;0;1;12.6729;41.8962;-1;1;Autovettura privata;In marcia / fermata / arresto;Conducente;M;Rimandato;0;NON DECEDUTO;Non accertato;Inesploso
3942734;8;02/08/2018 16:05:00;Strada Urbana;VIA DON PRIMO MAZZOLARI;da specificare;;;;alt. fermata Bus Mazzolari;Investimento di pedone;Rettilineo;Una carreggiata a doppio senso;Asciutto;Asfaltata;Verticale ed orizzontale;Sereno;Normale;Buona;Ore Diurne;2;0;0;1;12.6729;41.8962;-1;1;Autovettura privata;In marcia / fermata / arresto;Passeggero;M;Illeso;0;;Non accertato;Inesploso
3942737;8;02/08/2018 10:15:00;Statale entro l'abitato;VIA CASILINA;in prossimità;;del civico n.;1679;;Tamponamento;Rettilineo;Una carreggiata a doppio senso;Asciutto;Asfaltata;Verticale ed orizzontale;Sereno;Normale;Buona;Ore Diurne;2;0;0;2;12.6647;41.8643;-1;1;Autovettura privata;In marcia / fermata / arresto;Conducente;M;Illeso;0;;Non accertato;Inesploso
3942737;8;02/08/2018 10:15:00;Statale entro l'abitato;VIA CASILINA;in prossimità;;del civico n.;1679;;Tamponamento;Rettilineo;Una carreggiata a doppio senso;Asciutto;Asfaltata;Verticale ed orizzontale;Sereno;Normale;Buona;Ore Diurne;2;0;0;2;12.6647;41.8643;-1;1;Autovettura privata;In marcia / fermata / arresto;Passeggero;M;Rifiuta cure immediate;0;NON DECEDUTO;Non accertato;Inesploso
3942737;8;02/08/2018 10:15:00;Statale entro l'abitato;VIA CASILINA;in prossimità;;del civico n.;1679;;Tamponamento;Rettilineo;Una carreggiata a doppio senso;Asciutto;Asfaltata;Verticale ed orizzontale;Sereno;Normale;Buona;Ore Diurne;2;0;0;2;12.6647;41.8643;-1;1;Autovettura privata;In marcia / fermata / arresto;Passeggero;F;Rifiuta cure immediate;0;NON DECEDUTO;Non accertato;Inesploso
3942737;8;02/08/2018 10:15:00;Statale entro l'abitato;VIA CASILINA;in prossimità;;del civico n.;1679;;Tamponamento;Rettilineo;Una carreggiata a doppio senso;Asciutto;Asfaltata;Verticale ed orizzontale;Sereno;Normale;Buona;Ore Diurne;2;0;0;2;12.6647;41.8643;-1;2;Autovettura privata;In marcia / fermata / arresto;Conducente;F;Illeso;0;;Non accertato;Inesploso
3942738;8;02/08/2018 19:15:00;Strada Urbana;VIA DI LUNGHEZZINA;da specificare;;;;poco dopo uscita autostrada;Fuoriuscita dalla sede stradale;Rettilineo;Una carreggiata a doppio senso;Bagnato (pioggia);Asfaltata;Orizzontale;Pioggia in atto;Scarso;Sufficiente;Ore Diurne;1;0;0;0;12.6936;41.9309;-1;1;Autovettura privata;In marcia / fermata / arresto;Conducente;M;Rimandato;0;NON DECEDUTO;Non accertato;Inesploso
3942740;7;02/08/2018 16:55:00;Strada Urbana;VIA DELLE ROSE;all'intersezione con;VIA DELLE BETULLE;VIA DELLE BETULLE;;;Scontro frontale/laterale DX fra veicoli in marcia;Incrocio;Una carreggiata a senso unico di marcia;Asciutto;Asfaltata;Verticale ed orizzontale;Sereno;Normale;Sufficiente;Ore Diurne;0;0;0;3;12.563;41.8899;-1;1;Autovettura privata;In marcia / fermata / arresto;Conducente;M;Illeso;0;;Non accertato;Inesploso
3942740;7;02/08/2018 16:55:00;Strada Urbana;VIA DELLE ROSE;all'intersezione con;VIA DELLE BETULLE;VIA DELLE BETULLE;;;Scontro frontale/laterale DX fra veicoli in marcia;Incrocio;Una carreggiata a senso unico di marcia;Asciutto;Asfaltata;Verticale ed orizzontale;Sereno;Normale;Sufficiente;Ore Diurne;0;0;0;3;12.563;41.8899;-1;1;Autovettura privata;In marcia / fermata / arresto;Passeggero;F;Illeso;0;;Non accertato;Inesploso