Protocollo;Gruppo;DataOraIncidente;Localizzazione1;STRADA1;Localizzazione2;STRADA2;Strada02;Chilometrica;DaSpecificare;NaturaIncidente;particolaritastrade;TipoStrada;FondoStradale;Pavimentazione;Segnaletica;CondizioneAtmosferica;Traffico;Visibilita;Illuminazione;NUM_FERITI;NUM_RISERVATA;NUM_MORTI;NUM_ILLESI;Longitudine;Latitudine;Confermato;Progressivo;TipoVeicolo;StatoVeicolo;TipoPersona;Sesso;Tipolesione;Deceduto;DecedutoDopo;CinturaCascoUtilizzato;Airbag;
3955216;17;14/08/2018 13:10:00;Strada Urbana;VIALE GIULIO CESARE;in corrispondenza;;del civico n.;88;;Veicolo in marcia contro veicolo in sosta;Rettilineo;Una carreggiata a senso unico di marcia;Bagnato (pioggia);Asfaltata;Verticale ed orizzontale;Sereno;Scarso;Buona;Ore Diurne;0;0;0;4;12.4567;41.9093;-1;1;Autovettura privata;In marcia / fermata / arresto;Passeggero;F;Illeso;0;;;
3955220;9;16/08/2018 23:00:00;Strada Urbana;VIA GALLIA;da specificare;;;;fronte civico 120;Infortunio per sola frenata improvvisa;Rettilineo;Una carreggiata a doppio senso;Bagnato (pioggia);Asfaltata;Verticale ed orizzontale;Sereno;Scarso;Buona;Sufficiente;0;0;0;2;;;0;1;Autovettura privata;In marcia / fermata / arresto;Conducente;F;Illeso;0;;Non accertato;Inesploso
3955220;9;16/08/2018 23:00:00;Strada Urbana;VIA GALLIA;da specificare;;;;fronte civico 120;Infortunio per sola frenata improvvisa;Rettilineo;Una carreggiata a doppio senso;Bagnato (pioggia);Asfaltata;Verticale ed orizzontale;Sereno;Scarso;Buona;Sufficiente;0;0;0;2;;;0;2;Motociclo a solo;In marcia / fermata / arresto;Conducente;M;Illeso;0;;Non accertato;
3955245;19;16/08/2018 22:40:00;Strada Urbana;VIA DEI MONTI DI PRIMAVALLE;in corrispondenza;;del civico n.;151;;Veicolo in marcia contro veicoli in sosta;Rettilineo;Una carreggiata a doppio senso;Asciutto;Asfaltata;Orizzontale;Nuvoloso;Scarso;Buona;Sufficiente;0;0;0;1;12.4134;41.9091;-1;1;Autovettura privata;In marcia / fermata / arresto;Conducente;F;Illeso;0;;Non accertato;Inesploso
3955264;8;16/08/2018 10:20:00;;VIA DI LUNGHEZZINA;da specificare;;;;800 METRI PRIMA INTERSEZIONE VIA POLENSE;Veicolo in marcia contro ostacolo accidentale;;;;;;;;;;0;0;0;4;;;0;1;Autovettura privata;In marcia / fermata / arresto;Conducente;M;Illeso;0;;;
3955264;8;16/08/2018 10:20:00;;VIA DI LUNGHEZZINA;da specificare;;;;800 METRI PRIMA INTERSEZIONE VIA POLENSE;Veicolo in marcia contro ostacolo accidentale;;;;;;;;;;0;0;0;4;;;0;1;Autovettura privata;In marcia / fermata / arresto;Passeggero;M;Illeso;0;;;
3955264;8;16/08/2018 10:20:00;;VIA DI LUNGHEZZINA;da specificare;;;;800 METRI PRIMA INTERSEZIONE VIA POLENSE;Veicolo in marcia contro ostacolo accidentale;;;;;;;;;;0;0;0;4;;;0;1;Autovettura privata;In marcia / fermata / arresto;Passeggero;M;Illeso;0;;;
3955265;8;16/08/2018 12:30:00;Strada Urbana;VIA SALEMI;all'intersezione con;VIA PARTANNA;VIA PARTANNA;;;Scontro laterale fra veicoli in marcia;Incrocio;Una carreggiata a senso unico di marcia;Asciutto;Asfaltata;Verticale;Sereno;Scarso;Buona;Ore Diurne;0;0;0;2;12.651;41.8664;-1;1;Autovettura privata;In marcia / fermata / arresto;Conducente;F;Illeso;0;;Non accertato;
3955265;8;16/08/2018 12:30:00;Strada Urbana;VIA SALEMI;all'intersezione con;VIA PARTANNA;VIA PARTANNA;;;Scontro laterale fra veicoli in marcia;Incrocio;Una carreggiata a senso unico di marcia;Asciutto;Asfaltata;Verticale;Sereno;Scarso;Buona;Ore Diurne;0;0;0;2;12.651;41.8664;-1;2;Autobus urbano;In marcia / fermata / arresto;Conducente;M;Illeso;0;;;
3955266;8;16/08/2018 13:10:00;Strada Urbana;VIA DI TOR BELLA MONACA;da specificare;;;;RAMPA IMMISSIONE SU CARREGGIATA INT GRA;Veicolo in marcia contro ostacolo accidentale;Curva senza visuale libera;Una carreggiata a senso unico di marcia;Asciutto;Asfaltata;Orizzontale;Nuvoloso;Scarso;Buona;Ore Diurne;0;0;0;2;12.6282;41.8763;-1;1;Autovettura privata;In marcia / fermata / arresto;Conducente;M;Illeso;0;;Non accertato;Inesploso
3955266;8;16/08/2018 13:10:00;Strada Urbana;VIA DI TOR BELLA MONACA;da specificare;;;;RAMPA IMMISSIONE SU CARREGGIATA INT GRA;Veicolo in marcia contro ostacolo accidentale;Curva senza visuale libera;Una carreggiata a senso unico di marcia;Asciutto;Asfaltata;Orizzontale;Nuvoloso;Scarso;Buona;Ore Diurne;0;0;0;2;12.6282;41.8763;-1;1;Autovettura privata;In marcia / fermata / arresto;Passeggero;M;Illeso;0;;Non accertato;Inesploso
3955269;8;16/08/2018 14:15:00;Strada Urbana;VIA LUIGI OLTOLINA;in prossimità;;del palo luce n.;2;;Veicolo in marcia contro veicolo arresto;Rettilineo;Una carreggiata a senso unico di marcia;Asciutto;Con buche;Verticale;Sereno;Normale;Buona;Ore Diurne;0;0;0;2;12.6206;41.8616;-1;1;Autovettura privata;In marcia / fermata / arresto;Conducente;F;Illeso;0;;Non accertato;
3955269;8;16/08/2018 14:15:00;Strada Urbana;VIA LUIGI OLTOLINA;in prossimità;;del palo luce n.;2;;Veicolo in marcia contro veicolo arresto;Rettilineo;Una carreggiata a senso unico di marcia;Asciutto;Con buche;Verticale;Sereno;Normale;Buona;Ore Diurne;0;0;0;2;12.6206;41.8616;-1;2;Autovettura privata;In marcia / fermata / arresto;Conducente;F;Illeso;0;;;
3955274;18;16/08/2018 18:15:00;Strada Urbana;VIA ANASTASIO II;in prossimità;;del civico n.;149;;Veicolo in marcia contro ostacolo fisso;Curva senza visuale libera;Una carreggiata a senso unico di marcia;Bagnato (pioggia);Asfaltata;Verticale ed orizzontale;Pioggia in atto;Normale;Buona;Ore Diurne;1;0;0;0;12.4421;41.8975;-1;1;Autovettura privata;In marcia / fermata / arresto;Conducente;F;Rimandato;0;NON DECEDUTO;Non utilizzato;Esploso
3955276;17;14/08/2018 15:50:00;Strada Urbana;VIA CICERONE;all'intersezione con;PIAZZA GIUSEPPE GIOACHINO BELLI;PIAZZA GIUSEPPE GIOACHINO BELLI;;;Scontro frontale/laterale DX fra veicoli in marcia;Intersezione stradale segnalata;Una carreggiata a doppio senso;Asciutto;Asfaltata;Verticale ed orizzontale;Nuvoloso;Scarso;Buona;Ore Diurne;2;0;0;1;12.4686;41.9072;-1;1;Autovettura pubblica;In marcia / fermata / arresto;Conducente;M;Illeso;0;;;
3955276;17;14/08/2018 15:50:00;Strada Urbana;VIA CICERONE;all'intersezione con;PIAZZA GIUSEPPE GIOACHINO BELLI;PIAZZA GIUSEPPE GIOACHINO BELLI;;;Scontro frontale/laterale DX fra veicoli in marcia;Intersezione stradale segnalata;Una carreggiata a doppio senso;Asciutto;Asfaltata;Verticale ed orizzontale;Nuvoloso;Scarso;Buona;Ore Diurne;2;0;0;1;12.4686;41.9072;-1;2;Autovettura privata;In marcia / fermata / arresto;Conducente;F;Rimandato;0;NON DECEDUTO;;
3955276;17;14/08/2018 15:50:00;Strada Urbana;VIA CICERONE;all'intersezione con;PIAZZA GIUSEPPE GIOACHINO BELLI;PIAZZA GIUSEPPE GIOACHINO BELLI;;;Scontro frontale/laterale DX fra veicoli in marcia;Intersezione stradale segnalata;Una carreggiata a doppio senso;Asciutto;Asfaltata;Verticale ed orizzontale;Nuvoloso;Scarso;Buona;Ore Diurne;2;0;0;1;12.4686;41.9072;-1;2;Autovettura privata;In marcia / fermata / arresto;Passeggero;F;Rimandato;0;NON DECEDUTO;;
3955311;17;15/08/2018 18:40:00;Strada Urbana;VIALE DELLO STADIO OLIMPICO;in prossimità;;del palo luce n.;52;;Ribaltamento senza urto contro ostacolo fisso;Rettilineo;Una carreggiata a senso unico di marcia;Bagnato (pioggia);Asfaltata;Verticale ed orizzontale;Nuvoloso;Scarso;Sufficiente;Ore Diurne;0;0;0;1;12.4542;41.9299;0;1;Autovettura privata;In marcia / fermata / arresto;Conducente;M;Illeso;0;;;
3955330;2;16/08/2018 19:10:00;Strada Urbana;VIALE DEL MURO TORTO;da specificare;;;;in corrispondenza palo luce 1;Scontro frontale/laterale SX fra veicoli in marcia;Curva a visuale libera;Due carreggiate;Bagnato (pioggia);Asfaltata;Orizzontale;Nuvoloso;Scarso;Sufficiente;Ore Diurne;0;0;0;4;12.4812;41.9124;-1;1;Autovettura privata;In marcia / fermata / arresto;Conducente;M;Illeso;0;;;
3955330;2;16/08/2018 19:10:00;Strada Urbana;VIALE DEL MURO TORTO;da specificare;;;;in corrispondenza palo luce 1;Scontro frontale/laterale SX fra veicoli in marcia;Curva a visuale libera;Due carreggiate;Bagnato (pioggia);Asfaltata;Orizzontale;Nuvoloso;Scarso;Sufficiente;Ore Diurne;0;0;0;4;12.4812;41.9124;-1;1;Autovettura privata;In marcia / fermata / arresto;Passeggero;F;Illeso;0;;;
3955330;2;16/08/2018 19:10:00;Strada Urbana;VIALE DEL MURO TORTO;da specificare;;;;in corrispondenza palo luce 1;Scontro frontale/laterale SX fra veicoli in marcia;Curva a visuale libera;Due carreggiate;Bagnato (pioggia);Asfaltata;Orizzontale;Nuvoloso;Scarso;Sufficiente;Ore Diurne;0;0;0;4;12.4812;41.9124;-1;2;Autovettura privata;In marcia / fermata / arresto;Conducente;M;Illeso;0;;;
3955330;2;16/08/2018 19:10:00;Strada Urbana;VIALE DEL MURO TORTO;da specificare;;;;in corrispondenza palo luce 1;Scontro frontale/laterale SX fra veicoli in marcia;Curva a visuale libera;Due carreggiate;Bagnato (pioggia);Asfaltata;Orizzontale;Nuvoloso;Scarso;Sufficiente;Ore Diurne;0;0;0;4;12.4812;41.9124;-1;2;Autovettura privata;In marcia / fermata / arresto;Passeggero;M;Illeso;0;;;
3955332;18;17/08/2018 10:15:00;Strada Urbana;VIA DEI CASALI SANTOVETTI;all'intersezione con;VIA VINCENZO ARANGIO RUIZ;VIA VINCENZO ARANGIO RUIZ;;;Scontro frontale fra veicoli in marcia;Intersezione stradale segnalata;Due carreggiate;Asciutto;Asfaltata;Verticale ed orizzontale;Sereno;Normale;Buona;Ore Diurne;0;0;0;4;12.4042;41.8893;-1;1;Autovettura privata;In marcia / fermata / arresto;Conducente;F;Illeso;0;;Non accertato;Inesploso
3955332;18;17/08/2018 10:15:00;Strada Urbana;VIA DEI CASALI SANTOVETTI;all'intersezione con;VIA VINCENZO ARANGIO RUIZ;VIA VINCENZO ARANGIO RUIZ;;;Scontro frontale fra veicoli in marcia;Intersezione stradale segnalata;Due carreggiate;Asciutto;Asfaltata;Verticale ed orizzontale;Sereno;Normale;Buona;Ore Diurne;0;0;0;4;12.4042;41.8893;-1;2;Autovettura privata;In marcia / fermata / arresto;Conducente;M;Illeso;0;;Non accertato;Inesploso
3955332;18;17/08/2018 10:15:00;Strada Urbana;VIA DEI CASALI SANTOVETTI;all'intersezione con;VIA VINCENZO ARANGIO RUIZ;VIA VINCENZO ARANGIO RUIZ;;;Scontro frontale fra veicoli in marcia;Intersezione stradale segnalata;Due carreggiate;Asciutto;Asfaltata;Verticale ed orizzontale;Sereno;Normale;Buona;Ore Diurne;0;0;0;4;12.4042;41.8893;-1;2;Autovettura privata;In marcia / fermata / arresto;Passeggero;M;Illeso;0;;Non accertato;Inesploso
3955332;18;17/08/2018 10:15:00;Strada Urbana;VIA DEI CASALI SANTOVETTI;all'intersezione con;VIA VINCENZO ARANGIO RUIZ;VIA VINCENZO ARANGIO RUIZ;;;Scontro frontale fra veicoli in marcia;Intersezione stradale segnalata;Due carreggiate;Asciutto;Asfaltata;Verticale ed orizzontale;Sereno;Normale;Buona;Ore Diurne;0;0;0;4;12.4042;41.8893;-1;2;Autovettura privata;In marcia / fermata / arresto;Passeggero;F;Illeso;0;;Non accertato;Inesploso
3955350;1;15/08/2018 14:50:00;Strada Urbana;PIAZZA D'ARACOELI;da specificare;;;;altezza palo Acea N. 10;Investimento di pedone;Rettilineo;Una carreggiata a senso unico di marcia;Asciutto;In cubetti di porfido;Verticale ed orizzontale;Sereno;Scarso;Buona;Ore Diurne;1;0;0;1;;;0;;;;Pedone;M;Rimandato;0;NON DECEDUTO;;
3955350;1;15/08/2018 14:50:00;Strada Urbana;PIAZZA D'ARACOELI;da specificare;;;;altezza palo Acea N. 10;Investimento di pedone;Rettilineo;Una carreggiata a senso unico di marcia;Asciutto;In cubetti di porfido;Verticale ed orizzontale;Sereno;Scarso;Buona;Ore Diurne;1;0;0;1;;;0;1;Autovettura pubblica;In marcia / fermata / arresto;Conducente;M;Illeso;0;;;
3955353;18;16/08/2018 22:15:00;Strada Urbana;VIA DI SELVA CANDIDA;in corrispondenza;;del civico n.;356;;Scontro frontale/laterale SX fra veicoli in marcia;Rettilineo;Una carreggiata a doppio senso;Asciutto;Asfaltata;Verticale ed orizzontale;Sereno;Scarso;Buona;Sufficiente;0;0;0;3;12.3782;41.9374;-1;1;Autovettura pubblica;In marcia / fermata / arresto;Conducente;M;Illeso;0;;;
3955353;18;16/08/2018 22:15:00;Strada Urbana;VIA DI SELVA CANDIDA;in corrispondenza;;del civico n.;356;;Scontro frontale/laterale SX fra veicoli in marcia;Rettilineo;Una carreggiata a doppio senso;Asciutto;Asfaltata;Verticale ed orizzontale;Sereno;Scarso;Buona;Sufficiente;0;0;0;3;12.3782;41.9374;-1;2;Autovettura privata;In marcia / fermata / arresto;Conducente;M;Illeso;0;;;
3955353;18;16/08/2018 22:15:00;Strada Urbana;VIA DI SELVA CANDIDA;in corrispondenza;;del civico n.;356;;Scontro frontale/laterale SX fra veicoli in marcia;Rettilineo;Una carreggiata a doppio senso;Asciutto;Asfaltata;Verticale ed orizzontale;Sereno;Scarso;Buona;Sufficiente;0;0;0;3;12.3782;41.9374;-1;2;Autovettura privata;In marcia / fermata / arresto;Passeggero;F;Illeso;0;;;
3955383;1;16/08/2018 17:35:00;Strada Urbana;VIA CAVOUR;da specificare;;;;FRONTE CIVICO 112;Tamponamento;Rettilineo;Una carreggiata a doppio senso;Bagnato (pioggia);Asfaltata;Verticale ed orizzontale;Pioggia in atto;Scarso;Buona;Ore Diurne;2;0;0;3;12.4951;41.8965;-1;1;Autovettura pubblica;In marcia / fermata / arresto;Conducente;M;Rifiuta cure immediate;0;NON DECEDUTO;Non accertato;Inesploso
3955383;1;16/08/2018 17:35:00;Strada Urbana;VIA CAVOUR;da specificare;;;;FRONTE CIVICO 112;Tamponamento;Rettilineo;Una carreggiata a doppio senso;Bagnato (pioggia);Asfaltata;Verticale ed orizzontale;Pioggia in atto;Scarso;Buona;Ore Diurne;2;0;0;3;12.4951;41.8965;-1;1;Autovettura pubblica;In marcia / fermata / arresto;Passeggero;M;Illeso;0;;Non accertato;Inesploso
3955383;1;16/08/2018 17:35:00;Strada Urbana;VIA CAVOUR;da specificare;;;;FRONTE CIVICO 112;Tamponamento;Rettilineo;Una carreggiata a doppio senso;Bagnato (pioggia);Asfaltata;Verticale ed orizzontale;Pioggia in atto;Scarso;Buona;Ore Diurne;2;0;0;3;12.4951;41.8965;-1;1;Autovettura pubblica;In marcia / fermata / arresto;Passeggero;F;Rimandato;0;NON DECEDUTO;Non accertato;Inesploso
3955383;1;16/08/2018 17:35:00;Strada Urbana;VIA CAVOUR;da specificare;;;;FRONTE CIVICO 112;Tamponamento;Rettilineo;Una carreggiata a doppio senso;Bagnato (pioggia);Asfaltata;Verticale ed orizzontale;Pioggia in atto;Scarso;Buona;Ore Diurne;2;0;0;3;12.4951;41.8965;-1;1;Autovettura pubblica;In marcia / fermata / arresto;Passeggero;M;Illeso;0;;Non accertato;Inesploso
3955383;1;16/08/2018 17:35:00;Strada Urbana;VIA CAVOUR;da specificare;;;;FRONTE CIVICO 112;Tamponamento;Rettilineo;Una carreggiata a doppio senso;Bagnato (pioggia);Asfaltata;Verticale ed orizzontale;Pioggia in atto;Scarso;Buona;Ore Diurne;2;0;0;3;12.4951;41.8965;-1;2;Veicolo speciale;In marcia / fermata / arresto;Conducente;M;Illeso;0;;Non accertato;Inesploso
3955402;17;15/08/2018 12:00:00;Strada Urbana;VIA ANGELO EMO;in prossimità;;del civico n.;76;;Tamponamento;Rettilineo;Una carreggiata a doppio senso;Asciutto;Asfaltata;Verticale ed orizzontale;Sereno;Scarso;Buona;Ore Diurne;0;0;0;3;12.4467;41.9048;-1;1;Autovettura privata;In marcia / fermata / arresto;Conducente;M;Illeso;0;;;
3955402;17;15/08/2018 12:00:00;Strada Urbana;VIA ANGELO EMO;in prossimità;;del civico n.;76;;Tamponamento;Rettilineo;Una carreggiata a doppio senso;Asciutto;Asfaltata;Verticale ed orizzontale;Sereno;Scarso;Buona;Ore Diurne;0;0;0;3;12.4467;41.9048;-1;2;Autovettura privata;In marcia / fermata / arresto;Conducente;F;Illeso;0;;;
3955402;17;15/08/2018 12:00:00;Strada Urbana;VIA ANGELO EMO;in prossimità;;del civico n.;76;;Tamponamento;Rettilineo;Una carreggiata a doppio senso;Asciutto;Asfaltata;Verticale ed orizzontale;Sereno;Scarso;Buona;Ore Diurne;0;0;0;3;12.4467;41.9048;-1;2;Autovettura privata;In marcia / fermata / arresto;Passeggero;M;Illeso;0;;;
3955406;9;08/08/2018 16:10:00;;PIAZZA ZAMA;all'intersezione con;VIA CONCORDIA;VIA CONCORDIA;;;Scontro frontale/laterale SX fra veicoli in marcia;;;;;;;;;;1;0;0;2;;;0;1;Autovettura privata;In marcia / fermata / arresto;Conducente;M;Rimandato;0;NON DECEDUTO;;
3955406;9;08/08/2018 16:10:00;;PIAZZA ZAMA;all'intersezione con;VIA CONCORDIA;VIA CONCORDIA;;;Scontro frontale/laterale SX fra veicoli in marcia;;;;;;;;;;1;0;0;2;;;0;2;Autovettura privata;In marcia / fermata / arresto;Conducente;M;Illeso;0;;;
3955406;9;08/08/2018 16:10:00;;PIAZZA ZAMA;all'intersezione con;VIA CONCORDIA;VIA CONCORDIA;;;Scontro frontale/laterale SX fra veicoli in marcia;;;;;;;;;;1;0;0;2;;;0;3;Autovettura privata;In marcia / fermata / arresto;Conducente;M;Illeso;0;;;
3955439;19;17/08/2018 09:40:00;Strada Urbana;VIALE MONFORTANI;in corrispondenza;;del civico n.;51;;Tamponamento;Rettilineo;Una carreggiata a doppio senso;Asciutto;Asfaltata;Verticale ed orizzontale;Sereno;Normale;Buona;Ore Diurne;0;0;0;2;12.4239;41.9369;-1;1;Autovettura privata;In marcia / fermata / arresto;Conducente;M;Illeso;0;;;
3955439;19;17/08/2018 09:40:00;Strada Urbana;VIALE MONFORTANI;in corrispondenza;;del civico n.;51;;Tamponamento;Rettilineo;Una carreggiata a doppio senso;Asciutto;Asfaltata;Verticale ed orizzontale;Sereno;Normale;Buona;Ore Diurne;0;0;0;2;12.4239;41.9369;-1;2;Autovettura privata;In marcia / fermata / arresto;Conducente;M;Illeso;0;;;
3955445;15;17/08/2018 11:00:00;Strada Urbana;VIA GIUSEPPE TROIANI;in corrispondenza;;del civico n.;9;;Veicolo in marcia contro veicoli in sosta;Rettilineo;Una carreggiata a senso unico di marcia;Asciutto;Asfaltata;Assente;Sereno;Scarso;Buona;Ore Diurne;0;0;0;1;12.4518;41.8592;-1;1;Autovettura privata;In marcia / fermata / arresto;Conducente;F;Illeso;0;;;
3955460;10;17/08/2018 12:30:00;Strada Urbana;VIALE LUIGI SCHIAVONETTI;all'intersezione con;VIA BERNARDINO ALIMENA;VIA BERNARDINO ALIMENA;;;Tamponamento Multiplo;Rotatoria;Una carreggiata a senso unico di marcia;Asciutto;Asfaltata;Verticale ed orizzontale;Sereno;Normale;Sufficiente;Ore Diurne;0;0;0;9;12.6111;41.8452;-1;1;Autovettura privata;In marcia / fermata / arresto;Conducente;M;Illeso;0;;Non accertato;Inesploso
3955460;10;17/08/2018 12:30:00;Strada Urbana;VIALE LUIGI SCHIAVONETTI;all'intersezione con;VIA BERNARDINO ALIMENA;VIA BERNARDINO ALIMENA;;;Tamponamento Multiplo;Rotatoria;Una carreggiata a senso unico di marcia;Asciutto;Asfaltata;Verticale ed orizzontale;Sereno;Normale;Sufficiente;Ore Diurne;0;0;0;9;12.6111;41.8452;-1;1;Autovettura privata;In marcia / fermata / arresto;Passeggero;M;Illeso;0;;Non accertato;Inesploso
3955460;10;17/08/2018 12:30:00;Strada Urbana;VIALE LUIGI SCHIAVONETTI;all'intersezione con;VIA BERNARDINO ALIMENA;VIA BERNARDINO ALIMENA;;;Tamponamento Multiplo;Rotatoria;Una carreggiata a senso unico di marcia;Asciutto;Asfaltata;Verticale ed orizzontale;Sereno;Normale;Sufficiente;Ore Diurne;0;0;0;9;12.6111;41.8452;-1;1;Autovettura privata;In marcia / fermata / arresto;Passeggero;F;Illeso;0;;Non accertato;Inesploso
3955460;10;17/08/2018 12:30:00;Strada Urbana;VIALE LUIGI SCHIAVONETTI;all'intersezione con;VIA BERNARDINO ALIMENA;VIA BERNARDINO ALIMENA;;;Tamponamento Multiplo;Rotatoria;Una carreggiata a senso unico di marcia;Asciutto;Asfaltata;Verticale ed orizzontale;Sereno;Normale;Sufficiente;Ore Diurne;0;0;0;9;12.6111;41.8452;-1;1;Autovettura privata;In marcia / fermata / arresto;Passeggero;M;Illeso;0;;Non accertato;Inesploso
3955460;10;17/08/2018 12:30:00;Strada Urbana;VIALE LUIGI SCHIAVONETTI;all'intersezione con;VIA BERNARDINO ALIMENA;VIA BERNARDINO ALIMENA;;;Tamponamento Multiplo;Rotatoria;Una carreggiata a senso unico di marcia;Asciutto;Asfaltata;Verticale ed orizzontale;Sereno;Normale;Sufficiente;Ore Diurne;0;0;0;9;12.6111;41.8452;-1;2;Autovettura privata;In marcia / fermata / arresto;Conducente;M;Illeso;0;;Non accertato;Inesploso
3955460;10;17/08/2018 12:30:00;Strada Urbana;VIALE LUIGI SCHIAVONETTI;all'intersezione con;VIA BERNARDINO ALIMENA;VIA BERNARDINO ALIMENA;;;Tamponamento Multiplo;Rotatoria;Una carreggiata a senso unico di marcia;Asciutto;Asfaltata;Verticale ed orizzontale;Sereno;Normale;Sufficiente;Ore Diurne;0;0;0;9;12.6111;41.8452;-1;2;Autovettura privata;In marcia / fermata / arresto;Passeggero;F;Illeso;0;;Non accertato;Inesploso
3955460;10;17/08/2018 12:30:00;Strada Urbana;VIALE LUIGI SCHIAVONETTI;all'intersezione con;VIA BERNARDINO ALIMENA;VIA BERNARDINO ALIMENA;;;Tamponamento Multiplo;Rotatoria;Una carreggiata a senso unico di marcia;Asciutto;Asfaltata;Verticale ed orizzontale;Sereno;Normale;Sufficiente;Ore Diurne;0;0;0;9;12.6111;41.8452;-1;2;Autovettura privata;In marcia / fermata / arresto;Passeggero;F;Illeso;0;;Non accertato;Inesploso
3955460;10;17/08/2018 12:30:00;Strada Urbana;VIALE LUIGI SCHIAVONETTI;all'intersezione con;VIA BERNARDINO ALIMENA;VIA BERNARDINO ALIMENA;;;Tamponamento Multiplo;Rotatoria;Una carreggiata a senso unico di marcia;Asciutto;Asfaltata;Verticale ed orizzontale;Sereno;Normale;Sufficiente;Ore Diurne;0;0;0;9;12.6111;41.8452;-1;2;Autovettura privata;In marcia / fermata / arresto;Passeggero;F;Illeso;0;;Non accertato;Inesploso
3955460;10;17/08/2018 12:30:00;Strada Urbana;VIALE LUIGI SCHIAVONETTI;all'intersezione con;VIA BERNARDINO ALIMENA;VIA BERNARDINO ALIMENA;;;Tamponamento Multiplo;Rotatoria;Una carreggiata a senso unico di marcia;Asciutto;Asfaltata;Verticale ed orizzontale;Sereno;Normale;Sufficiente;Ore Diurne;0;0;0;9;12.6111;41.8452;-1;3;Autovettura privata;In marcia / fermata / arresto;Conducente;M;Illeso;0;;Non accertato;Inesploso
3955461;3;16/08/2018 17:00:00;Strada Urbana;VIALE PIERO GOBETTI;in prossimità;;del civico n.;4;;Veicolo in marcia contro ostacolo accidentale;Rettilineo;Due carreggiate;Bagnato (pioggia);Asfaltata;Verticale ed orizzontale;Pioggia in atto;Scarso;Buona;Ore Diurne;2;0;0;0;12.5094;41.9012;-1;1;Autovettura privata;In marcia / fermata / arresto;Conducente;M;Rimandato;0;NON DECEDUTO;Non accertato;
3955461;3;16/08/2018 17:00:00;Strada Urbana;VIALE PIERO GOBETTI;in prossimità;;del civico n.;4;;Veicolo in marcia contro ostacolo accidentale;Rettilineo;Due carreggiate;Bagnato (pioggia);Asfaltata;Verticale ed orizzontale;Pioggia in atto;Scarso;Buona;Ore Diurne;2;0;0;0;12.5094;41.9012;-1;1;Autovettura privata;In marcia / fermata / arresto;Passeggero;F;Rimandato;0;NON DECEDUTO;Non accertato;
3955462;2;17/08/2018 11:00:00;Strada Urbana;VIA NOMENTANA;all'intersezione semaforizzata con;VIA ZARA;VIA ZARA;;;Investimento di pedone;Intersezione stradale segnalata;Una carreggiata a doppio senso;Asciutto;Asfaltata;Verticale ed orizzontale;Sereno;Scarso;Buona;Ore Diurne;1;0;0;4;12.5728;41.9579;-1;;;;Pedone;F;Rimandato;0;NON DECEDUTO;;
3955462;2;17/08/2018 11:00:00;Strada Urbana;VIA NOMENTANA;all'intersezione semaforizzata con;VIA ZARA;VIA ZARA;;;Investimento di pedone;Intersezione stradale segnalata;Una carreggiata a doppio senso;Asciutto;Asfaltata;Verticale ed orizzontale;Sereno;Scarso;Buona;Ore Diurne;1;0;0;4;12.5728;41.9579;-1;1;Autovettura privata;In marcia / fermata / arresto;Conducente;M;Illeso;0;;;
3955462;2;17/08/2018 11:00:00;Strada Urbana;VIA NOMENTANA;all'intersezione semaforizzata con;VIA ZARA;VIA ZARA;;;Investimento di pedone;Intersezione stradale segnalata;Una carreggiata a doppio senso;Asciutto;Asfaltata;Verticale ed orizzontale;Sereno;Scarso;Buona;Ore Diurne;1;0;0;4;12.5728;41.9579;-1;1;Autovettura privata;In marcia / fermata / arresto;Passeggero;F;Illeso;0;;;
3955462;2;17/08/2018 11:00:00;Strada Urbana;VIA NOMENTANA;all'intersezione semaforizzata con;VIA ZARA;VIA ZARA;;;Investimento di pedone;Intersezione stradale segnalata;Una carreggiata a doppio senso;Asciutto;Asfaltata;Verticale ed orizzontale;Sereno;Scarso;Buona;Ore Diurne;1;0;0;4;12.5728;41.9579;-1;2;Autovettura privata;In marcia / fermata / arresto;Conducente;M;Illeso;0;;;
3955462;2;17/08/2018 11:00:00;Strada Urbana;VIA NOMENTANA;all'intersezione semaforizzata con;VIA ZARA;VIA ZARA;;;Investimento di pedone;Intersezione stradale segnalata;Una carreggiata a doppio senso;Asciutto;Asfaltata;Verticale ed orizzontale;Sereno;Scarso;Buona;Ore Diurne;1;0;0;4;12.5728;41.9579;-1;2;Autovettura privata;In marcia / fermata / arresto;Passeggero;M;Illeso;0;;;
3955505;1;16/08/2018 15:00:00;Strada Urbana;VIA CAVOUR;da specificare;;;;altezza civico 266;Veicolo in marcia contro veicolo in sosta;Rettilineo;Una carreggiata a doppio senso;Asciutto;Asfaltata;Verticale ed orizzontale;Sereno;Normale;Buona;Ore Diurne;0;0;0;1;;;0;2;Autovettura privata;In marcia / fermata / arresto;Conducente;F;Illeso;0;;;
3955527;10;17/08/2018 13:45:00;Strada Urbana;VIA TUSCOLANA;in corrispondenza;;del civico n.;1245;;Scontro frontale/laterale SX fra veicoli in marcia;Rettilineo;Più di due carreggiate;Asciutto;Asfaltata;Verticale ed orizzontale;Sereno;Normale;Sufficiente;Ore Diurne;0;0;0;2;12.6023;41.8366;-1;1;Autovettura privata;In marcia / fermata / arresto;Conducente;M;Illeso;0;;Non accertato;Inesploso