Protocollo;Gruppo;DataOraIncidente;Localizzazione1;STRADA1;Localizzazione2;STRADA2;Strada02;Chilometrica;DaSpecificare;NaturaIncidente;particolaritastrade;TipoStrada;FondoStradale;Pavimentazione;Segnaletica;CondizioneAtmosferica;Traffico;Visibilita;Illuminazione;NUM_FERITI;NUM_RISERVATA;NUM_MORTI;NUM_ILLESI;Longitudine;Latitudine;Confermato;Progressivo;TipoVeicolo;StatoVeicolo;TipoPersona;Sesso;Tipolesione;Deceduto;DecedutoDopo;CinturaCascoUtilizzato;Airbag;
3957899;10;20/08/2018 17:00:00;Strada Urbana;VIA GIUSEPPE SALVIOLI;all'intersezione con;VIALE MARCO FULVIO NOBILIORE;VIALE MARCO FULVIO NOBILIORE;;;Scontro frontale/laterale SX fra veicoli in marcia;Incrocio;Una carreggiata a senso unico di marcia;Bagnato (pioggia);Asfaltata;Verticale ed orizzontale;Pioggia in atto;Normale;Buona;Ore Diurne;0;0;0;3;12.5662;41.8607;-1;2;Autovettura privata;In marcia / fermata / arresto;Conducente;M;Illeso;0;;Non accertato;Inesploso
3957930;20;20/08/2018 11:50:00;Regionale entro l'abitato;VIA CASSIA;all'intersezione con;VIA DELLA STORTA;VIA DELLA STORTA;;;Scontro laterale fra veicoli in marcia;Intersezione non regolata/non segnalata;Una carreggiata a doppio senso;Asciutto;Asfaltata;Orizzontale;Sereno;Normale;Buona;Ore Diurne;2;0;0;2;12.4139;41.9827;-1;1;Autovettura privata;In marcia / fermata / arresto;Conducente;F;Illeso;0;;Non accertato;Inesploso
3957930;20;20/08/2018 11:50:00;Regionale entro l'abitato;VIA CASSIA;all'intersezione con;VIA DELLA STORTA;VIA DELLA STORTA;;;Scontro laterale fra veicoli in marcia;Intersezione non regolata/non segnalata;Una carreggiata a doppio senso;Asciutto;Asfaltata;Orizzontale;Sereno;Normale;Buona;Ore Diurne;2;0;0;2;12.4139;41.9827;-1;1;Autovettura privata;In marcia / fermata / arresto;Passeggero;M;Illeso;0;;Non accertato;Inesploso
3957930;20;20/08/2018 11:50:00;Regionale entro l'abitato;VIA CASSIA;all'intersezione con;VIA DELLA STORTA;VIA DELLA STORTA;;;Scontro laterale fra veicoli in marcia;Intersezione non regolata/non segnalata;Una carreggiata a doppio senso;Asciutto;Asfaltata;Orizzontale;Sereno;Normale;Buona;Ore Diurne;2;0;0;2;12.4139;41.9827;-1;2;Motociclo con passeggero;In marcia / fermata / arresto;Conducente;M;Ricoverato;0;NON DECEDUTO;;
3957930;20;20/08/2018 11:50:00;Regionale entro l'abitato;VIA CASSIA;all'intersezione con;VIA DELLA STORTA;VIA DELLA STORTA;;;Scontro laterale fra veicoli in marcia;Intersezione non regolata/non segnalata;Una carreggiata a doppio senso;Asciutto;Asfaltata;Orizzontale;Sereno;Normale;Buona;Ore Diurne;2;0;0;2;12.4139;41.9827;-1;2;Motociclo con passeggero;In marcia / fermata / arresto;Passeggero;F;Rifiuta cure immediate;0;NON DECEDUTO;Non accertato;
3957932;12;20/08/2018 17:45:00;Strada Urbana;VIALE CITTA' D'EUROPA;in prossimità;;del civico n.;142;;Veicolo in marcia contro ostacolo fisso;Curva a visuale libera;Due carreggiate;Bagnato (pioggia);Asfaltata;Verticale ed orizzontale;Pioggia in atto;Scarso;Buona;Ore Diurne;0;0;0;2;12.449;41.8215;-1;1;Autovettura privata;In marcia / fermata / arresto;Conducente;F;Illeso;0;;Non accertato;Inesploso
3957932;12;20/08/2018 17:45:00;Strada Urbana;VIALE CITTA' D'EUROPA;in prossimità;;del civico n.;142;;Veicolo in marcia contro ostacolo fisso;Curva a visuale libera;Due carreggiate;Bagnato (pioggia);Asfaltata;Verticale ed orizzontale;Pioggia in atto;Scarso;Buona;Ore Diurne;0;0;0;2;12.449;41.8215;-1;1;Autovettura privata;In marcia / fermata / arresto;Passeggero;F;Illeso;0;;Non accertato;Inesploso
3958186;9;20/08/2018 16:40:00;Strada Urbana;VIA TUSCOLANA;in corrispondenza;;del civico n.;624;;Scontro laterale fra veicoli in marcia;Rettilineo;Due carreggiate;Bagnato (umidità in atto);Asfaltata;Orizzontale;Nuvoloso;Normale;Buona;Ore Diurne;0;0;0;2;12.5388;41.8685;-1;1;Autovettura privata;In marcia / fermata / arresto;Conducente;M;Illeso;0;;Non accertato;Inesploso
3958186;9;20/08/2018 16:40:00;Strada Urbana;VIA TUSCOLANA;in corrispondenza;;del civico n.;624;;Scontro laterale fra veicoli in marcia;Rettilineo;Due carreggiate;Bagnato (umidità in atto);Asfaltata;Orizzontale;Nuvoloso;Normale;Buona;Ore Diurne;0;0;0;2;12.5388;41.8685;-1;2;Autocarro inferiore 35 q.;In marcia / fermata / arresto;Conducente;M;Illeso;0;;Non accertato;Inesploso
3958187;8;20/08/2018 15:20:00;Strada Urbana;VIA DI LUNGHEZZINA;da specificare;;;;a 200 mt. dal civico 95 direzione LUNGHEZZA;Veicolo in marcia contro ostacolo accidentale;Rettilineo;Una carreggiata a doppio senso;Bagnato (pioggia);Asfaltata;Orizzontale;Pioggia in atto;Scarso;Buona;Ore Diurne;1;0;0;0;12.707;41.9296;-1;1;Autovettura privata;In marcia / fermata / arresto;Conducente;M;Rimandato;0;NON DECEDUTO;Non accertato;Inesploso
3958189;8;20/08/2018 11:30:00;;VIA DI TOR BELLA MONACA;da specificare;;;;direzione PRENESTINA, ramapa via ARCHEOLOGIA;Veicolo in marcia contro ostacolo fisso;;;;;;;;;;0;0;0;2;;;0;1;Autovettura privata;In marcia / fermata / arresto;Conducente;M;Illeso;0;;Non accertato;Inesploso
3958189;8;20/08/2018 11:30:00;;VIA DI TOR BELLA MONACA;da specificare;;;;direzione PRENESTINA, ramapa via ARCHEOLOGIA;Veicolo in marcia contro ostacolo fisso;;;;;;;;;;0;0;0;2;;;0;1;Autovettura privata;In marcia / fermata / arresto;Passeggero;M;Illeso;0;;Non accertato;Inesploso
3958191;9;20/08/2018 17:15:00;Strada Urbana;PIAZZA CAMERINO;all'intersezione semaforizzata con;VIA LA SPEZIA;VIA LA SPEZIA;;;Scontro laterale fra veicoli in marcia;Intersezione semaforizzata;Una carreggiata a doppio senso;Bagnato (pioggia);Asfaltata;Verticale ed orizzontale;Nuvoloso;Scarso;Buona;Ore Diurne;1;0;0;2;12.519;41.8869;-1;1;Autovettura privata;In marcia / fermata / arresto;Conducente;F;Illeso;0;;;
3958191;9;20/08/2018 17:15:00;Strada Urbana;PIAZZA CAMERINO;all'intersezione semaforizzata con;VIA LA SPEZIA;VIA LA SPEZIA;;;Scontro laterale fra veicoli in marcia;Intersezione semaforizzata;Una carreggiata a doppio senso;Bagnato (pioggia);Asfaltata;Verticale ed orizzontale;Nuvoloso;Scarso;Buona;Ore Diurne;1;0;0;2;12.519;41.8869;-1;2;Motociclo con passeggero;In marcia / fermata / arresto;Conducente;M;Rimandato;0;NON DECEDUTO;;
3958191;9;20/08/2018 17:15:00;Strada Urbana;PIAZZA CAMERINO;all'intersezione semaforizzata con;VIA LA SPEZIA;VIA LA SPEZIA;;;Scontro laterale fra veicoli in marcia;Intersezione semaforizzata;Una carreggiata a doppio senso;Bagnato (pioggia);Asfaltata;Verticale ed orizzontale;Nuvoloso;Scarso;Buona;Ore Diurne;1;0;0;2;12.519;41.8869;-1;2;Motociclo con passeggero;In marcia / fermata / arresto;Passeggero;F;Illeso;0;;;
3958193;8;20/08/2018 16:40:00;Strada Urbana;VIA CASILINA;all'intersezione semaforizzata con;VIA DI TOR VERGATA;VIA DI TOR VERGATA;;;Tamponamento;Intersezione semaforizzata;Una carreggiata a senso unico di marcia;Bagnato (pioggia);Asfaltata;Verticale ed orizzontale;Nuvoloso;Scarso;Buona;Ore Diurne;1;0;0;1;12.6194;41.8629;-1;1;Autobus di linea;In marcia / fermata / arresto;Conducente;M;Illeso;0;;Non accertato;Inesploso
3958193;8;20/08/2018 16:40:00;Strada Urbana;VIA CASILINA;all'intersezione semaforizzata con;VIA DI TOR VERGATA;VIA DI TOR VERGATA;;;Tamponamento;Intersezione semaforizzata;Una carreggiata a senso unico di marcia;Bagnato (pioggia);Asfaltata;Verticale ed orizzontale;Nuvoloso;Scarso;Buona;Ore Diurne;1;0;0;1;12.6194;41.8629;-1;2;Autovettura privata;In marcia / fermata / arresto;Conducente;M;Rifiuta cure immediate;0;NON DECEDUTO;Non accertato;Inesploso
3958196;11;21/08/2018 00:20:00;Strada Urbana;VIA ARDEATINA;in corrispondenza;;del palo luce n.;439;;Fuoriuscita dalla sede stradale;Rotatoria;Più di due carreggiate;Asciutto;Asfaltata;Verticale ed orizzontale;Sereno;Scarso;Sufficiente;Sufficiente;1;0;0;0;12.5282;41.8103;-1;1;Autovettura privata;In marcia / fermata / arresto;Conducente;M;Rimandato;0;NON DECEDUTO;;
3958212;15;20/08/2018 14:00:00;Strada Urbana;VIA DELLA MAGLIANA;da specificare;;;;altezza fermata atac n. 78828;Tamponamento;Rettilineo;Una carreggiata a doppio senso;Asciutto;Asfaltata;Verticale ed orizzontale;Sereno;Normale;Buona;Ore Diurne;0;0;0;2;12.4196;41.8317;-1;1;Motociclo a solo;In marcia / fermata / arresto;Conducente;M;Illeso;0;;Non accertato;
3958212;15;20/08/2018 14:00:00;Strada Urbana;VIA DELLA MAGLIANA;da specificare;;;;altezza fermata atac n. 78828;Tamponamento;Rettilineo;Una carreggiata a doppio senso;Asciutto;Asfaltata;Verticale ed orizzontale;Sereno;Normale;Buona;Ore Diurne;0;0;0;2;12.4196;41.8317;-1;2;Autovettura privata;In marcia / fermata / arresto;Conducente;M;Illeso;0;;Non accertato;Inesploso
3958214;3;19/08/2018 17:00:00;Strada Urbana;VIA TIBURTINA;all'intersezione semaforizzata con;PIAZZALE VALERIO MASSIMO;PIAZZALE VALERIO MASSIMO;;;Veicolo in marcia contro veicoli fermi;Incrocio;Una carreggiata a senso unico di marcia;Asciutto;Asfaltata;Verticale ed orizzontale;Sereno;Scarso;Buona;Ore Diurne;1;0;0;4;12.5738;41.9256;-1;1;Autovettura privata;In marcia / fermata / arresto;Conducente;M;Illeso;0;;Non accertato;Inesploso
3958214;3;19/08/2018 17:00:00;Strada Urbana;VIA TIBURTINA;all'intersezione semaforizzata con;PIAZZALE VALERIO MASSIMO;PIAZZALE VALERIO MASSIMO;;;Veicolo in marcia contro veicoli fermi;Incrocio;Una carreggiata a senso unico di marcia;Asciutto;Asfaltata;Verticale ed orizzontale;Sereno;Scarso;Buona;Ore Diurne;1;0;0;4;12.5738;41.9256;-1;1;Autovettura privata;In marcia / fermata / arresto;Passeggero;M;Illeso;0;;Non accertato;Inesploso
3958214;3;19/08/2018 17:00:00;Strada Urbana;VIA TIBURTINA;all'intersezione semaforizzata con;PIAZZALE VALERIO MASSIMO;PIAZZALE VALERIO MASSIMO;;;Veicolo in marcia contro veicoli fermi;Incrocio;Una carreggiata a senso unico di marcia;Asciutto;Asfaltata;Verticale ed orizzontale;Sereno;Scarso;Buona;Ore Diurne;1;0;0;4;12.5738;41.9256;-1;2;Autovettura privata;In marcia / fermata / arresto;Conducente;M;Rifiuta cure immediate;0;NON DECEDUTO;;
3958214;3;19/08/2018 17:00:00;Strada Urbana;VIA TIBURTINA;all'intersezione semaforizzata con;PIAZZALE VALERIO MASSIMO;PIAZZALE VALERIO MASSIMO;;;Veicolo in marcia contro veicoli fermi;Incrocio;Una carreggiata a senso unico di marcia;Asciutto;Asfaltata;Verticale ed orizzontale;Sereno;Scarso;Buona;Ore Diurne;1;0;0;4;12.5738;41.9256;-1;2;Autovettura privata;In marcia / fermata / arresto;Passeggero;F;Illeso;0;;Non accertato;Inesploso
3958214;3;19/08/2018 17:00:00;Strada Urbana;VIA TIBURTINA;all'intersezione semaforizzata con;PIAZZALE VALERIO MASSIMO;PIAZZALE VALERIO MASSIMO;;;Veicolo in marcia contro veicoli fermi;Incrocio;Una carreggiata a senso unico di marcia;Asciutto;Asfaltata;Verticale ed orizzontale;Sereno;Scarso;Buona;Ore Diurne;1;0;0;4;12.5738;41.9256;-1;3;Autovettura privata;In marcia / fermata / arresto;Conducente;M;Illeso;0;;Non accertato;Inesploso
3958218;3;20/08/2018 17:00:00;Strada Urbana;VIA NOMENTANA;all'intersezione con;VIA CAGLIARI;VIA CAGLIARI;;;Scontro laterale fra veicoli in marcia;Intersezione non regolata/non segnalata;Più di due carreggiate;Asciutto;Asfaltata;Verticale ed orizzontale;Sereno;Intenso;Buona;Ore Diurne;2;0;0;0;12.5051;41.9121;-1;1;Motociclo con passeggero;In marcia / fermata / arresto;Conducente;M;Rimandato;0;NON DECEDUTO;Non accertato;
3958218;3;20/08/2018 17:00:00;Strada Urbana;VIA NOMENTANA;all'intersezione con;VIA CAGLIARI;VIA CAGLIARI;;;Scontro laterale fra veicoli in marcia;Intersezione non regolata/non segnalata;Più di due carreggiate;Asciutto;Asfaltata;Verticale ed orizzontale;Sereno;Intenso;Buona;Ore Diurne;2;0;0;0;12.5051;41.9121;-1;1;Motociclo con passeggero;In marcia / fermata / arresto;Passeggero;F;Rimandato;0;NON DECEDUTO;;
3958228;15;20/08/2018 21:40:00;Strada Urbana;CIRCONVALLAZIONE GIANICOLENSE;all'intersezione con;VIA OTTAVIO GASPARRI;VIA OTTAVIO GASPARRI;;;Tamponamento;Incrocio;Due carreggiate;Asciutto;Asfaltata;Verticale ed orizzontale;Sereno;Scarso;Sufficiente;Sufficiente;1;0;0;2;12.4496;41.8725;-1;1;Autovettura privata;In marcia / fermata / arresto;Conducente;M;Illeso;0;;;
3958228;15;20/08/2018 21:40:00;Strada Urbana;CIRCONVALLAZIONE GIANICOLENSE;all'intersezione con;VIA OTTAVIO GASPARRI;VIA OTTAVIO GASPARRI;;;Tamponamento;Incrocio;Due carreggiate;Asciutto;Asfaltata;Verticale ed orizzontale;Sereno;Scarso;Sufficiente;Sufficiente;1;0;0;2;12.4496;41.8725;-1;1;Autovettura privata;In marcia / fermata / arresto;Passeggero;M;Illeso;0;;;Inesploso
3958228;15;20/08/2018 21:40:00;Strada Urbana;CIRCONVALLAZIONE GIANICOLENSE;all'intersezione con;VIA OTTAVIO GASPARRI;VIA OTTAVIO GASPARRI;;;Tamponamento;Incrocio;Due carreggiate;Asciutto;Asfaltata;Verticale ed orizzontale;Sereno;Scarso;Sufficiente;Sufficiente;1;0;0;2;12.4496;41.8725;-1;2;Ciclomotore;In marcia / fermata / arresto;Conducente;M;Rimandato;0;NON DECEDUTO;;
3958237;13;20/08/2018 11:30:00;Strada Urbana;VIA CAPO PASSERO;in prossimità;;del civico n.;2;;Investimento di pedone;Rettilineo;Una carreggiata a senso unico di marcia;Asciutto;Asfaltata;Assente;Sereno;Normale;Buona;Ore Diurne;1;0;0;1;12.2894;41.7349;-1;;;;Pedone;F;Rimandato;0;NON DECEDUTO;;
3958237;13;20/08/2018 11:30:00;Strada Urbana;VIA CAPO PASSERO;in prossimità;;del civico n.;2;;Investimento di pedone;Rettilineo;Una carreggiata a senso unico di marcia;Asciutto;Asfaltata;Assente;Sereno;Normale;Buona;Ore Diurne;1;0;0;1;12.2894;41.7349;-1;1;Autovettura privata;In marcia / fermata / arresto;Conducente;F;Illeso;0;;Non accertato;
3958240;7;17/08/2018 07:30:00;Strada Urbana;VIA COLLATINA;all'intersezione con;VIALE PALMIRO TOGLIATTI;VIALE PALMIRO TOGLIATTI;;;Veicolo in marcia contro ostacolo fisso;Incrocio;Due carreggiate;Asciutto;Asfaltata;Verticale ed orizzontale;Sereno;Scarso;Buona;Ore Diurne;2;0;0;0;12.5742;41.9031;-1;1;Autovettura privata;In marcia / fermata / arresto;Conducente;M;Rimandato;0;NON DECEDUTO;Non accertato;Esploso
3958240;7;17/08/2018 07:30:00;Strada Urbana;VIA COLLATINA;all'intersezione con;VIALE PALMIRO TOGLIATTI;VIALE PALMIRO TOGLIATTI;;;Veicolo in marcia contro ostacolo fisso;Incrocio;Due carreggiate;Asciutto;Asfaltata;Verticale ed orizzontale;Sereno;Scarso;Buona;Ore Diurne;2;0;0;0;12.5742;41.9031;-1;1;Autovettura privata;In marcia / fermata / arresto;Passeggero;M;Rimandato;0;NON DECEDUTO;Non accertato;Esploso
3958243;20;20/08/2018 23:45:00;Strada Urbana;LUNGOTEVERE SALVO D'ACQUISTO;all'intersezione con;VIA URUGUAY;VIA URUGUAY;;;Scontro frontale/laterale SX fra veicoli in marcia;Incrocio;Una carreggiata a doppio senso;Asciutto;Asfaltata;Verticale ed orizzontale;Sereno;Normale;Buona;Sufficiente;4;0;0;1;12.4693;41.935;-1;1;Autovettura privata;In marcia / fermata / arresto;Conducente;M;Illeso;0;;Non accertato;Esploso
3958243;20;20/08/2018 23:45:00;Strada Urbana;LUNGOTEVERE SALVO D'ACQUISTO;all'intersezione con;VIA URUGUAY;VIA URUGUAY;;;Scontro frontale/laterale SX fra veicoli in marcia;Incrocio;Una carreggiata a doppio senso;Asciutto;Asfaltata;Verticale ed orizzontale;Sereno;Normale;Buona;Sufficiente;4;0;0;1;12.4693;41.935;-1;2;Autovettura privata;In marcia / fermata / arresto;Conducente;M;Rifiuta cure immediate;0;NON DECEDUTO;Non accertato;
3958243;20;20/08/2018 23:45:00;Strada Urbana;LUNGOTEVERE SALVO D'ACQUISTO;all'intersezione con;VIA URUGUAY;VIA URUGUAY;;;Scontro frontale/laterale SX fra veicoli in marcia;Incrocio;Una carreggiata a doppio senso;Asciutto;Asfaltata;Verticale ed orizzontale;Sereno;Normale;Buona;Sufficiente;4;0;0;1;12.4693;41.935;-1;2;Autovettura privata;In marcia / fermata / arresto;Passeggero;M;Rifiuta cure immediate;0;NON DECEDUTO;Non accertato;
3958243;20;20/08/2018 23:45:00;Strada Urbana;LUNGOTEVERE SALVO D'ACQUISTO;all'intersezione con;VIA URUGUAY;VIA URUGUAY;;;Scontro frontale/laterale SX fra veicoli in marcia;Incrocio;Una carreggiata a doppio senso;Asciutto;Asfaltata;Verticale ed orizzontale;Sereno;Normale;Buona;Sufficiente;4;0;0;1;12.4693;41.935;-1;2;Autovettura privata;In marcia / fermata / arresto;Passeggero;F;Rimandato;0;NON DECEDUTO;Non accertato;
3958243;20;20/08/2018 23:45:00;Strada Urbana;LUNGOTEVERE SALVO D'ACQUISTO;all'intersezione con;VIA URUGUAY;VIA URUGUAY;;;Scontro frontale/laterale SX fra veicoli in marcia;Incrocio;Una carreggiata a doppio senso;Asciutto;Asfaltata;Verticale ed orizzontale;Sereno;Normale;Buona;Sufficiente;4;0;0;1;12.4693;41.935;-1;2;Autovettura privata;In marcia / fermata / arresto;Passeggero;F;Rimandato;0;NON DECEDUTO;Non accertato;
3958272;1;20/08/2018 12:00:00;Strada Urbana;PIAZZALE NUMA POMPILIO;all'intersezione semaforizzata con;VIALE DELLE TERME DI CARACALLA;VIALE DELLE TERME DI CARACALLA;;;Tamponamento;Intersezione semaforizzata;Una carreggiata a senso unico di marcia;Asciutto;Asfaltata;Verticale ed orizzontale;Sereno;Normale;Buona;Ore Diurne;1;0;0;1;12.4957;41.8797;-1;1;Autocarro inferiore 35 q.;In marcia / fermata / arresto;Conducente;M;Illeso;0;;Non accertato;Inesploso
3958272;1;20/08/2018 12:00:00;Strada Urbana;PIAZZALE NUMA POMPILIO;all'intersezione semaforizzata con;VIALE DELLE TERME DI CARACALLA;VIALE DELLE TERME DI CARACALLA;;;Tamponamento;Intersezione semaforizzata;Una carreggiata a senso unico di marcia;Asciutto;Asfaltata;Verticale ed orizzontale;Sereno;Normale;Buona;Ore Diurne;1;0;0;1;12.4957;41.8797;-1;2;Autovettura privata;In marcia / fermata / arresto;Conducente;F;Rimandato;0;NON DECEDUTO;;
3958278;7;20/08/2018 12:25:00;Strada Urbana;VIA PRENESTINA;in corrispondenza;;del civico n.;956;;Tamponamento;Rotatoria;Una carreggiata a doppio senso;Asciutto;Asfaltata;Verticale ed orizzontale;Sereno;Normale;Buona;Ore Diurne;0;0;0;3;12.6053;41.8938;-1;1;Autovettura privata;In marcia / fermata / arresto;Conducente;M;Illeso;0;;;
3958278;7;20/08/2018 12:25:00;Strada Urbana;VIA PRENESTINA;in corrispondenza;;del civico n.;956;;Tamponamento;Rotatoria;Una carreggiata a doppio senso;Asciutto;Asfaltata;Verticale ed orizzontale;Sereno;Normale;Buona;Ore Diurne;0;0;0;3;12.6053;41.8938;-1;1;Autovettura privata;In marcia / fermata / arresto;Passeggero;M;Illeso;0;;;
3958278;7;20/08/2018 12:25:00;Strada Urbana;VIA PRENESTINA;in corrispondenza;;del civico n.;956;;Tamponamento;Rotatoria;Una carreggiata a doppio senso;Asciutto;Asfaltata;Verticale ed orizzontale;Sereno;Normale;Buona;Ore Diurne;0;0;0;3;12.6053;41.8938;-1;2;Autovettura privata;In marcia / fermata / arresto;Conducente;M;Illeso;0;;Non accertato;Inesploso
3958284;10;19/08/2018 14:30:00;Strada Urbana;VIALE MARCO FULVIO NOBILIORE;all'intersezione con;VIA GIUSEPPE SALVIOLI;VIA GIUSEPPE SALVIOLI;;;Scontro laterale fra veicoli in marcia;Incrocio;Due carreggiate;Asciutto;Asfaltata;Verticale ed orizzontale;Sereno;Scarso;Buona;Ore Diurne;1;0;0;1;12.5662;41.8607;-1;1;Autovettura privata;In marcia / fermata / arresto;Conducente;M;Illeso;0;;Non accertato;Inesploso
3958284;10;19/08/2018 14:30:00;Strada Urbana;VIALE MARCO FULVIO NOBILIORE;all'intersezione con;VIA GIUSEPPE SALVIOLI;VIA GIUSEPPE SALVIOLI;;;Scontro laterale fra veicoli in marcia;Incrocio;Due carreggiate;Asciutto;Asfaltata;Verticale ed orizzontale;Sereno;Scarso;Buona;Ore Diurne;1;0;0;1;12.5662;41.8607;-1;2;Autovettura privata;In marcia / fermata / arresto;Conducente;F;Rifiuta cure immediate;0;NON DECEDUTO;Non accertato;Inesploso
3958293;10;20/08/2018 10:30:00;Strada Urbana;VIA TUSCOLANA;in corrispondenza;;del civico n.;1415/a;;Veicolo in marcia contro ostacolo accidentale;Rettilineo;Più di due carreggiate;Asciutto;Asfaltata;Verticale ed orizzontale;Sereno;Normale;Buona;Ore Diurne;0;0;0;1;12.6219;41.8292;-1;1;Autovettura privata;In marcia / fermata / arresto;Conducente;F;Illeso;0;;Non accertato;Inesploso
3958299;1;20/08/2018 18:00:00;Strada Urbana;VIA DI S. GREGORIO;all'intersezione semaforizzata con;VIA DEI CERCHI;VIA DEI CERCHI;;;Scontro laterale fra veicoli in marcia;Intersezione semaforizzata;Due carreggiate;Asciutto;Asfaltata;Verticale ed orizzontale;Nuvoloso;Scarso;Buona;Ore Diurne;0;0;0;2;12.4891;41.8852;-1;1;Autobus turistico;In marcia / fermata / arresto;Conducente;M;Illeso;0;;Non accertato;Inesploso
3958299;1;20/08/2018 18:00:00;Strada Urbana;VIA DI S. GREGORIO;all'intersezione semaforizzata con;VIA DEI CERCHI;VIA DEI CERCHI;;;Scontro laterale fra veicoli in marcia;Intersezione semaforizzata;Due carreggiate;Asciutto;Asfaltata;Verticale ed orizzontale;Nuvoloso;Scarso;Buona;Ore Diurne;0;0;0;2;12.4891;41.8852;-1;2;Autovettura pubblica;In marcia / fermata / arresto;Conducente;M;Illeso;0;;Non accertato;Inesploso
3958393;13;20/08/2018 11:20:00;Strada Urbana;LUNGOMARE LUTAZIO CATULO;in corrispondenza;;del civico n.;34;;Scontro laterale fra veicoli in marcia;Rettilineo;Due carreggiate;Asciutto;Asfaltata;Orizzontale;Sereno;Normale;Buona;Ore Diurne;1;0;0;2;;;0;1;Autovettura privata;In marcia / fermata / arresto;Conducente;M;Illeso;0;;Non accertato;
3958393;13;20/08/2018 11:20:00;Strada Urbana;LUNGOMARE LUTAZIO CATULO;in corrispondenza;;del civico n.;34;;Scontro laterale fra veicoli in marcia;Rettilineo;Due carreggiate;Asciutto;Asfaltata;Orizzontale;Sereno;Normale;Buona;Ore Diurne;1;0;0;2;;;0;1;Autovettura privata;In marcia / fermata / arresto;Passeggero;M;Illeso;0;;Non accertato;Inesploso
3958393;13;20/08/2018 11:20:00;Strada Urbana;LUNGOMARE LUTAZIO CATULO;in corrispondenza;;del civico n.;34;;Scontro laterale fra veicoli in marcia;Rettilineo;Due carreggiate;Asciutto;Asfaltata;Orizzontale;Sereno;Normale;Buona;Ore Diurne;1;0;0;2;;;0;2;Motociclo a solo;In marcia / fermata / arresto;Conducente;F;Rimandato;0;NON DECEDUTO;Non accertato;
3958415;23;20/08/2018 14:15:00;Comunale extraurbana;VIA CRISTOFORO COLOMBO;in prossimità;;della chilometrica;17.65;;Veicolo in marcia contro ostacolo accidentale;Rettilineo;Due carreggiate;Asciutto;Asfaltata;Orizzontale;Sereno;Normale;Buona;Ore Diurne;1;0;0;0;12.4121;41.786;-1;1;Motociclo a solo;In marcia / fermata / arresto;Conducente;M;Rimandato;0;NON DECEDUTO;Utilizzato;
3958456;2;20/08/2018 07:00:00;Strada Urbana;VIA DEL FORO ITALICO;da specificare;;;;altezza uscita via salaria;Veicolo in marcia contro ostacolo fisso;Curva a visuale libera;Due carreggiate;Asciutto;Asfaltata;Orizzontale;Sereno;Normale;Buona;Ore Diurne;0;0;0;1;12.4828;41.94;-1;1;Autovettura privata;In marcia / fermata / arresto;Conducente;F;Illeso;0;;;
3958459;2;20/08/2018 07:30:00;Strada Urbana;VIA DEL FORO ITALICO;da specificare;;;;uscita SALARIA - dir. Prati Fiscali;Tamponamento Multiplo;Rettilineo;Più di due carreggiate;Asciutto;Asfaltata;Verticale ed orizzontale;Sereno;Normale;Buona;Ore Diurne;1;0;0;5;12.5098;41.9378;-1;1;Autovettura privata;In marcia / fermata / arresto;Conducente;F;Illeso;0;;;
3958459;2;20/08/2018 07:30:00;Strada Urbana;VIA DEL FORO ITALICO;da specificare;;;;uscita SALARIA - dir. Prati Fiscali;Tamponamento Multiplo;Rettilineo;Più di due carreggiate;Asciutto;Asfaltata;Verticale ed orizzontale;Sereno;Normale;Buona;Ore Diurne;1;0;0;5;12.5098;41.9378;-1;2;Autovettura privata;In marcia / fermata / arresto;Conducente;F;Rimandato;0;NON DECEDUTO;;
3958459;2;20/08/2018 07:30:00;Strada Urbana;VIA DEL FORO ITALICO;da specificare;;;;uscita SALARIA - dir. Prati Fiscali;Tamponamento Multiplo;Rettilineo;Più di due carreggiate;Asciutto;Asfaltata;Verticale ed orizzontale;Sereno;Normale;Buona;Ore Diurne;1;0;0;5;12.5098;41.9378;-1;3;Autovettura privata;In marcia / fermata / arresto;Conducente;M;Illeso;0;;;
3958459;2;20/08/2018 07:30:00;Strada Urbana;VIA DEL FORO ITALICO;da specificare;;;;uscita SALARIA - dir. Prati Fiscali;Tamponamento Multiplo;Rettilineo;Più di due carreggiate;Asciutto;Asfaltata;Verticale ed orizzontale;Sereno;Normale;Buona;Ore Diurne;1;0;0;5;12.5098;41.9378;-1;3;Autovettura privata;In marcia / fermata / arresto;Passeggero;M;Illeso;0;;;
3958459;2;20/08/2018 07:30:00;Strada Urbana;VIA DEL FORO ITALICO;da specificare;;;;uscita SALARIA - dir. Prati Fiscali;Tamponamento Multiplo;Rettilineo;Più di due carreggiate;Asciutto;Asfaltata;Verticale ed orizzontale;Sereno;Normale;Buona;Ore Diurne;1;0;0;5;12.5098;41.9378;-1;3;Autovettura privata;In marcia / fermata / arresto;Passeggero;M;Illeso;0;;;
3958459;2;20/08/2018 07:30:00;Strada Urbana;VIA DEL FORO ITALICO;da specificare;;;;uscita SALARIA - dir. Prati Fiscali;Tamponamento Multiplo;Rettilineo;Più di due carreggiate;Asciutto;Asfaltata;Verticale ed orizzontale;Sereno;Normale;Buona;Ore Diurne;1;0;0;5;12.5098;41.9378;-1;3;Autovettura privata;In marcia / fermata / arresto;Passeggero;M;Illeso;0;;;
3958462;2;20/08/2018 10:00:00;Strada Urbana;VIA CLITUNNO;all'intersezione con;VIA TAGLIAMENTO;VIA TAGLIAMENTO;;;Ribaltamento senza urto contro ostacolo fisso;Incrocio;Due carreggiate;Asciutto;Asfaltata;Verticale ed orizzontale;Sereno;Scarso;Buona;Ore Diurne;1;0;0;1;12.5031;41.9201;-1;1;Autocarro inferiore 35 q.;In marcia / fermata / arresto;Conducente;M;Illeso;0;;Non accertato;