Protocollo;Gruppo;DataOraIncidente;Localizzazione1;STRADA1;Localizzazione2;STRADA2;Strada02;Chilometrica;DaSpecificare;NaturaIncidente;particolaritastrade;TipoStrada;FondoStradale;Pavimentazione;Segnaletica;CondizioneAtmosferica;Traffico;Visibilita;Illuminazione;NUM_FERITI;NUM_RISERVATA;NUM_MORTI;NUM_ILLESI;Longitudine;Latitudine;Confermato;Progressivo;TipoVeicolo;StatoVeicolo;TipoPersona;Sesso;Tipolesione;Deceduto;DecedutoDopo;CinturaCascoUtilizzato;Airbag;
3964586;10;27/08/2018 08:15:00;Strada Urbana;VIA APPIA NUOVA;in corrispondenza;;del civico n.;1679;;Tamponamento;Rettilineo;Una carreggiata a senso unico di marcia;Asciutto;Asfaltata;Orizzontale;Sereno;Intenso;Buona;Ore Diurne;0;0;0;2;12.5952;41.7903;-1;2;Autovettura privata;In marcia / fermata / arresto;Conducente;F;Illeso;0;;Non accertato;Inesploso
3964589;20;27/08/2018 21:00:00;Comunale extraurbana;VIA DI S. MARIA DI GALERIA;in prossimità;;del civico n.;330;;Veicolo in marcia contro ostacolo accidentale;Curva senza visuale libera;Una carreggiata a doppio senso;Asciutto;Asfaltata;Assente;Sereno;Scarso;Sufficiente;Inesistente;0;0;0;2;12.3098;41.9934;-1;1;Autovettura privata;In marcia / fermata / arresto;Conducente;M;Illeso;0;;Non accertato;
3964589;20;27/08/2018 21:00:00;Comunale extraurbana;VIA DI S. MARIA DI GALERIA;in prossimità;;del civico n.;330;;Veicolo in marcia contro ostacolo accidentale;Curva senza visuale libera;Una carreggiata a doppio senso;Asciutto;Asfaltata;Assente;Sereno;Scarso;Sufficiente;Inesistente;0;0;0;2;12.3098;41.9934;-1;1;Autovettura privata;In marcia / fermata / arresto;Passeggero;M;Illeso;0;;Non accertato;
3964591;8;27/08/2018 11:30:00;Strada Urbana;VIA CASILINA;in corrispondenza;;del civico n.;1842 E;;Tamponamento;Rettilineo;Una carreggiata a doppio senso;Asciutto;Asfaltata;Verticale ed orizzontale;Sereno;Normale;Buona;Ore Diurne;0;0;0;4;12.6847;41.8626;-1;1;Autovettura privata;In marcia / fermata / arresto;Conducente;M;Illeso;0;;Non accertato;Inesploso
3964591;8;27/08/2018 11:30:00;Strada Urbana;VIA CASILINA;in corrispondenza;;del civico n.;1842 E;;Tamponamento;Rettilineo;Una carreggiata a doppio senso;Asciutto;Asfaltata;Verticale ed orizzontale;Sereno;Normale;Buona;Ore Diurne;0;0;0;4;12.6847;41.8626;-1;1;Autovettura privata;In marcia / fermata / arresto;Passeggero;M;Illeso;0;;;
3964591;8;27/08/2018 11:30:00;Strada Urbana;VIA CASILINA;in corrispondenza;;del civico n.;1842 E;;Tamponamento;Rettilineo;Una carreggiata a doppio senso;Asciutto;Asfaltata;Verticale ed orizzontale;Sereno;Normale;Buona;Ore Diurne;0;0;0;4;12.6847;41.8626;-1;1;Autovettura privata;In marcia / fermata / arresto;Passeggero;F;Illeso;0;;;
3964591;8;27/08/2018 11:30:00;Strada Urbana;VIA CASILINA;in corrispondenza;;del civico n.;1842 E;;Tamponamento;Rettilineo;Una carreggiata a doppio senso;Asciutto;Asfaltata;Verticale ed orizzontale;Sereno;Normale;Buona;Ore Diurne;0;0;0;4;12.6847;41.8626;-1;2;Autovettura privata;In marcia / fermata / arresto;Conducente;F;Illeso;0;;Non accertato;Inesploso
3964594;8;27/08/2018 11:50:00;Statale entro l'abitato;VIA CASILINA;da specificare;;;;altezza palo ACEA 460;Scontro laterale fra veicoli in marcia;Rettilineo;Una carreggiata a doppio senso;Asciutto;Asfaltata;Verticale ed orizzontale;Sereno;Scarso;Buona;Ore Diurne;1;0;0;1;9.644;45.397;0;1;Autovettura privata;In marcia / fermata / arresto;Conducente;M;Illeso;0;;Non accertato;Inesploso
3964594;8;27/08/2018 11:50:00;Statale entro l'abitato;VIA CASILINA;da specificare;;;;altezza palo ACEA 460;Scontro laterale fra veicoli in marcia;Rettilineo;Una carreggiata a doppio senso;Asciutto;Asfaltata;Verticale ed orizzontale;Sereno;Scarso;Buona;Ore Diurne;1;0;0;1;9.644;45.397;0;2;Ciclomotore;In marcia / fermata / arresto;Conducente;M;Rimandato;0;NON DECEDUTO;Non accertato;
3964595;1;26/08/2018 20:45:00;Strada Urbana;CORSO DEL RINASCIMENTO;in corrispondenza;;del civico n.;58;;Veicolo in marcia contro veicolo in sosta;Rettilineo;Una carreggiata a doppio senso;Asciutto;Acciotolata;Verticale ed orizzontale;Sereno;Scarso;Buona;Sufficiente;0;0;0;1;;;0;1;Autovettura privata;In marcia / fermata / arresto;Conducente;F;Illeso;0;;;
3964597;8;27/08/2018 11:50:00;Statale entro l'abitato;VIA CASILINA;da specificare;;;;altezza palo Acea 689;Tamponamento;Rettilineo;Una carreggiata a doppio senso;Asciutto;Asfaltata;Verticale ed orizzontale;Sereno;Normale;Buona;Ore Diurne;0;0;0;3;;;0;2;Autovettura privata;In marcia / fermata / arresto;Conducente;M;Illeso;0;;Non accertato;Inesploso
3964597;8;27/08/2018 11:50:00;Statale entro l'abitato;VIA CASILINA;da specificare;;;;altezza palo Acea 689;Tamponamento;Rettilineo;Una carreggiata a doppio senso;Asciutto;Asfaltata;Verticale ed orizzontale;Sereno;Normale;Buona;Ore Diurne;0;0;0;3;;;0;2;Autovettura privata;In marcia / fermata / arresto;Passeggero;F;Illeso;0;;Non accertato;Inesploso
3964597;8;27/08/2018 11:50:00;Statale entro l'abitato;VIA CASILINA;da specificare;;;;altezza palo Acea 689;Tamponamento;Rettilineo;Una carreggiata a doppio senso;Asciutto;Asfaltata;Verticale ed orizzontale;Sereno;Normale;Buona;Ore Diurne;0;0;0;3;;;0;2;Autovettura privata;In marcia / fermata / arresto;Passeggero;F;Illeso;0;;Non accertato;Inesploso
3964598;1;24/08/2018 21:00:00;Strada Urbana;PIAZZA PASQUALE PAOLI;in prossimità;;del civico n.;2/A;;Veicolo in marcia contro veicolo fermo;Rettilineo;Una carreggiata a senso unico di marcia;Asciutto;Asfaltata;Verticale ed orizzontale;Sereno;Normale;Sufficiente;Sufficiente;1;0;0;0;12.4651;41.9006;0;1;Velocipede;In marcia / fermata / arresto;Conducente;M;Rifiuta cure immediate;0;NON DECEDUTO;Esente;
3964602;8;27/08/2018 12:30:00;Provinciale entro l'abitato;VIA PRENESTINA;in corrispondenza;;del civico n.;1390;;Tamponamento Multiplo;Rettilineo;Una carreggiata a doppio senso;Asciutto;Asfaltata;Verticale ed orizzontale;Sereno;Normale;Buona;Ore Diurne;1;0;0;2;12.6474;41.892;-1;1;Autovettura privata;In marcia / fermata / arresto;Conducente;M;Illeso;0;;Non accertato;Inesploso
3964602;8;27/08/2018 12:30:00;Provinciale entro l'abitato;VIA PRENESTINA;in corrispondenza;;del civico n.;1390;;Tamponamento Multiplo;Rettilineo;Una carreggiata a doppio senso;Asciutto;Asfaltata;Verticale ed orizzontale;Sereno;Normale;Buona;Ore Diurne;1;0;0;2;12.6474;41.892;-1;2;Autovettura privata;In marcia / fermata / arresto;Conducente;M;Rimandato;0;NON DECEDUTO;Non accertato;Inesploso
3964602;8;27/08/2018 12:30:00;Provinciale entro l'abitato;VIA PRENESTINA;in corrispondenza;;del civico n.;1390;;Tamponamento Multiplo;Rettilineo;Una carreggiata a doppio senso;Asciutto;Asfaltata;Verticale ed orizzontale;Sereno;Normale;Buona;Ore Diurne;1;0;0;2;12.6474;41.892;-1;3;Autovettura privata;In marcia / fermata / arresto;Conducente;M;Illeso;0;;Non accertato;Inesploso
3964603;13;27/08/2018 15:40:00;Strada Urbana;VIALE CHARLES LENORMANT;all'intersezione con;VIALE DEI ROMAGNOLI;VIALE DEI ROMAGNOLI;;;Scontro frontale/laterale SX fra veicoli in marcia;Incrocio;Due carreggiate;Asciutto;Asfaltata;Verticale ed orizzontale;Sereno;Normale;Buona;Ore Diurne;2;0;0;0;12.3293;41.7728;-1;1;Autovettura privata;In marcia / fermata / arresto;Conducente;F;Rifiuta cure immediate;0;NON DECEDUTO;Non accertato;Inesploso
3964603;13;27/08/2018 15:40:00;Strada Urbana;VIALE CHARLES LENORMANT;all'intersezione con;VIALE DEI ROMAGNOLI;VIALE DEI ROMAGNOLI;;;Scontro frontale/laterale SX fra veicoli in marcia;Incrocio;Due carreggiate;Asciutto;Asfaltata;Verticale ed orizzontale;Sereno;Normale;Buona;Ore Diurne;2;0;0;0;12.3293;41.7728;-1;2;Autovettura privata;In marcia / fermata / arresto;Conducente;F;Rifiuta cure immediate;0;NON DECEDUTO;Non accertato;Inesploso
3964609;19;27/08/2018 12:00:00;Strada Urbana;VIALE CORTINA D'AMPEZZO;in prossimità;;del civico n.;385;;Scontro laterale fra veicoli in marcia;Curva a visuale libera;Una carreggiata a doppio senso;Asciutto;Asfaltata;Orizzontale;Sereno;Scarso;Buona;Ore Diurne;0;0;0;2;12.4354;41.9417;-1;1;Autocarro inferiore 35 q.;In marcia / fermata / arresto;Conducente;M;Illeso;0;;;
3964609;19;27/08/2018 12:00:00;Strada Urbana;VIALE CORTINA D'AMPEZZO;in prossimità;;del civico n.;385;;Scontro laterale fra veicoli in marcia;Curva a visuale libera;Una carreggiata a doppio senso;Asciutto;Asfaltata;Orizzontale;Sereno;Scarso;Buona;Ore Diurne;0;0;0;2;12.4354;41.9417;-1;2;Autovettura privata;In marcia / fermata / arresto;Conducente;F;Illeso;0;;;
3964614;1;24/08/2018 20:45:00;Strada Urbana;PIAZZA DI S. GIOVANNI IN LATERANO;in prossimità;;del palo luce n.;41;;Scontro frontale/laterale DX fra veicoli in marcia;Rettilineo;Più di due carreggiate;Asciutto;Asfaltata;Verticale ed orizzontale;Sereno;Normale;Sufficiente;Sufficiente;0;0;0;5;12.5068;41.8869;-1;1;Autovettura privata;In marcia / fermata / arresto;Conducente;M;Illeso;0;;Non accertato;Inesploso
3964614;1;24/08/2018 20:45:00;Strada Urbana;PIAZZA DI S. GIOVANNI IN LATERANO;in prossimità;;del palo luce n.;41;;Scontro frontale/laterale DX fra veicoli in marcia;Rettilineo;Più di due carreggiate;Asciutto;Asfaltata;Verticale ed orizzontale;Sereno;Normale;Sufficiente;Sufficiente;0;0;0;5;12.5068;41.8869;-1;1;Autovettura privata;In marcia / fermata / arresto;Passeggero;M;Illeso;0;;Non accertato;Inesploso
3964614;1;24/08/2018 20:45:00;Strada Urbana;PIAZZA DI S. GIOVANNI IN LATERANO;in prossimità;;del palo luce n.;41;;Scontro frontale/laterale DX fra veicoli in marcia;Rettilineo;Più di due carreggiate;Asciutto;Asfaltata;Verticale ed orizzontale;Sereno;Normale;Sufficiente;Sufficiente;0;0;0;5;12.5068;41.8869;-1;1;Autovettura privata;In marcia / fermata / arresto;Passeggero;F;Illeso;0;;;
3964614;1;24/08/2018 20:45:00;Strada Urbana;PIAZZA DI S. GIOVANNI IN LATERANO;in prossimità;;del palo luce n.;41;;Scontro frontale/laterale DX fra veicoli in marcia;Rettilineo;Più di due carreggiate;Asciutto;Asfaltata;Verticale ed orizzontale;Sereno;Normale;Sufficiente;Sufficiente;0;0;0;5;12.5068;41.8869;-1;1;Autovettura privata;In marcia / fermata / arresto;Passeggero;M;Illeso;0;;;
3964614;1;24/08/2018 20:45:00;Strada Urbana;PIAZZA DI S. GIOVANNI IN LATERANO;in prossimità;;del palo luce n.;41;;Scontro frontale/laterale DX fra veicoli in marcia;Rettilineo;Più di due carreggiate;Asciutto;Asfaltata;Verticale ed orizzontale;Sereno;Normale;Sufficiente;Sufficiente;0;0;0;5;12.5068;41.8869;-1;2;Autovettura privata;In marcia / fermata / arresto;Conducente;M;Illeso;0;;Non accertato;Inesploso
3964641;18;27/08/2018 20:40:00;Strada Urbana;VIA DI TORRE ROSSA;in prossimità;;del civico n.;66;;Ribaltamento senza urto contro ostacolo fisso;Rettilineo;Una carreggiata a doppio senso;Asciutto;Asfaltata;Orizzontale;Sereno;Scarso;Buona;Sufficiente;1;0;0;0;12.4265;41.8924;0;1;Motociclo a solo;In marcia / fermata / arresto;Conducente;M;Rimandato;0;NON DECEDUTO;Non accertato;
3964648;15;27/08/2018 19:40:00;Strada Urbana;VIA PORTUENSE;in corrispondenza;;del civico n.;292;;Infortunio per sola frenata improvvisa;Rettilineo;Una carreggiata a doppio senso;Asciutto;Asfaltata;Verticale ed orizzontale;Sereno;Scarso;Buona;Sufficiente;1;0;0;1;12.4585;41.8653;-1;1;Autovettura privata;In marcia / fermata / arresto;Conducente;M;Illeso;0;;Utilizzato;Inesploso
3964648;15;27/08/2018 19:40:00;Strada Urbana;VIA PORTUENSE;in corrispondenza;;del civico n.;292;;Infortunio per sola frenata improvvisa;Rettilineo;Una carreggiata a doppio senso;Asciutto;Asfaltata;Verticale ed orizzontale;Sereno;Scarso;Buona;Sufficiente;1;0;0;1;12.4585;41.8653;-1;2;Motociclo a solo;In marcia / fermata / arresto;Conducente;F;Rimandato;0;NON DECEDUTO;Non utilizzato;
3964650;20;27/08/2018 21:00:00;Strada Urbana;VIA DI CASAL DEL MARMO;all'intersezione con;VIA ANTONIO PANIZZI;VIA ANTONIO PANIZZI;;;Veicolo in marcia contro veicoli in arresto;Incrocio;Una carreggiata a doppio senso;Asciutto;Asfaltata;Verticale;Sereno;Normale;Buona;Sufficiente;1;0;0;3;12.389;41.9421;-1;1;Autovettura privata;In marcia / fermata / arresto;Conducente;M;Illeso;0;;;
3964650;20;27/08/2018 21:00:00;Strada Urbana;VIA DI CASAL DEL MARMO;all'intersezione con;VIA ANTONIO PANIZZI;VIA ANTONIO PANIZZI;;;Veicolo in marcia contro veicoli in arresto;Incrocio;Una carreggiata a doppio senso;Asciutto;Asfaltata;Verticale;Sereno;Normale;Buona;Sufficiente;1;0;0;3;12.389;41.9421;-1;1;Autovettura privata;In marcia / fermata / arresto;Passeggero;F;Illeso;0;;;
3964650;20;27/08/2018 21:00:00;Strada Urbana;VIA DI CASAL DEL MARMO;all'intersezione con;VIA ANTONIO PANIZZI;VIA ANTONIO PANIZZI;;;Veicolo in marcia contro veicoli in arresto;Incrocio;Una carreggiata a doppio senso;Asciutto;Asfaltata;Verticale;Sereno;Normale;Buona;Sufficiente;1;0;0;3;12.389;41.9421;-1;2;Autovettura privata;In marcia / fermata / arresto;Conducente;M;Rimandato;0;NON DECEDUTO;;
3964650;20;27/08/2018 21:00:00;Strada Urbana;VIA DI CASAL DEL MARMO;all'intersezione con;VIA ANTONIO PANIZZI;VIA ANTONIO PANIZZI;;;Veicolo in marcia contro veicoli in arresto;Incrocio;Una carreggiata a doppio senso;Asciutto;Asfaltata;Verticale;Sereno;Normale;Buona;Sufficiente;1;0;0;3;12.389;41.9421;-1;3;Autovettura privata;In marcia / fermata / arresto;Conducente;M;Illeso;0;;;
3964656;7;27/08/2018 14:37:00;Strada Urbana;VIALE PALMIRO TOGLIATTI;all'intersezione con;PIAZZALE PINO PASCALI;PIAZZALE PINO PASCALI;;;Scontro frontale/laterale SX fra veicoli in marcia;Incrocio;Due carreggiate;Asciutto;Asfaltata;Verticale ed orizzontale;Sereno;Normale;Buona;Ore Diurne;0;0;0;5;12.5759;41.8972;-1;1;Autovettura di soccorso;In marcia / fermata / arresto;Conducente;M;Illeso;0;;;
3964656;7;27/08/2018 14:37:00;Strada Urbana;VIALE PALMIRO TOGLIATTI;all'intersezione con;PIAZZALE PINO PASCALI;PIAZZALE PINO PASCALI;;;Scontro frontale/laterale SX fra veicoli in marcia;Incrocio;Due carreggiate;Asciutto;Asfaltata;Verticale ed orizzontale;Sereno;Normale;Buona;Ore Diurne;0;0;0;5;12.5759;41.8972;-1;1;Autovettura di soccorso;In marcia / fermata / arresto;Passeggero;F;Illeso;0;;;
3964656;7;27/08/2018 14:37:00;Strada Urbana;VIALE PALMIRO TOGLIATTI;all'intersezione con;PIAZZALE PINO PASCALI;PIAZZALE PINO PASCALI;;;Scontro frontale/laterale SX fra veicoli in marcia;Incrocio;Due carreggiate;Asciutto;Asfaltata;Verticale ed orizzontale;Sereno;Normale;Buona;Ore Diurne;0;0;0;5;12.5759;41.8972;-1;1;Autovettura di soccorso;In marcia / fermata / arresto;Passeggero;F;Illeso;0;;;
3964656;7;27/08/2018 14:37:00;Strada Urbana;VIALE PALMIRO TOGLIATTI;all'intersezione con;PIAZZALE PINO PASCALI;PIAZZALE PINO PASCALI;;;Scontro frontale/laterale SX fra veicoli in marcia;Incrocio;Due carreggiate;Asciutto;Asfaltata;Verticale ed orizzontale;Sereno;Normale;Buona;Ore Diurne;0;0;0;5;12.5759;41.8972;-1;1;Autovettura di soccorso;In marcia / fermata / arresto;Passeggero;M;Illeso;0;;;
3964656;7;27/08/2018 14:37:00;Strada Urbana;VIALE PALMIRO TOGLIATTI;all'intersezione con;PIAZZALE PINO PASCALI;PIAZZALE PINO PASCALI;;;Scontro frontale/laterale SX fra veicoli in marcia;Incrocio;Due carreggiate;Asciutto;Asfaltata;Verticale ed orizzontale;Sereno;Normale;Buona;Ore Diurne;0;0;0;5;12.5759;41.8972;-1;2;Autovettura privata;In marcia / fermata / arresto;Conducente;M;Illeso;0;;;
3964662;1;27/08/2018 12:20:00;Strada Urbana;VIA DRUSO;da specificare;;;;IN  PROSSIMITA' DEL PALO ACEA N. 8;Infortunio per sola frenata improvvisa;Rettilineo;Una carreggiata a doppio senso;Asciutto;Asfaltata;Orizzontale;Sereno;Intenso;Buona;Ore Diurne;1;0;0;2;12.4972;41.8812;-1;1;Autovettura privata;In marcia / fermata / arresto;Conducente;M;Illeso;0;;Non accertato;
3964662;1;27/08/2018 12:20:00;Strada Urbana;VIA DRUSO;da specificare;;;;IN  PROSSIMITA' DEL PALO ACEA N. 8;Infortunio per sola frenata improvvisa;Rettilineo;Una carreggiata a doppio senso;Asciutto;Asfaltata;Orizzontale;Sereno;Intenso;Buona;Ore Diurne;1;0;0;2;12.4972;41.8812;-1;1;Autovettura privata;In marcia / fermata / arresto;Passeggero;F;Illeso;0;;Non accertato;
3964662;1;27/08/2018 12:20:00;Strada Urbana;VIA DRUSO;da specificare;;;;IN  PROSSIMITA' DEL PALO ACEA N. 8;Infortunio per sola frenata improvvisa;Rettilineo;Una carreggiata a doppio senso;Asciutto;Asfaltata;Orizzontale;Sereno;Intenso;Buona;Ore Diurne;1;0;0;2;12.4972;41.8812;-1;2;Motociclo a solo;In marcia / fermata / arresto;Conducente;M;Rimandato;0;NON DECEDUTO;Non accertato;
3964669;5;27/08/2018 14:32:00;Strada Urbana;VIA RAFFAELE CALZINI;all'intersezione con;PIAZZA RICCARDO BALSAMO CRIVELLI;PIAZZA RICCARDO BALSAMO CRIVELLI;;;Scontro laterale fra veicoli in marcia;Incrocio;Una carreggiata a senso unico alternato;Asciutto;Asfaltata;Assente;Sereno;Normale;Buona;Ore Diurne;0;0;0;3;12.5514;41.9061;-1;1;Autovettura privata;In marcia / fermata / arresto;Conducente;M;Illeso;0;;Non accertato;
3964669;5;27/08/2018 14:32:00;Strada Urbana;VIA RAFFAELE CALZINI;all'intersezione con;PIAZZA RICCARDO BALSAMO CRIVELLI;PIAZZA RICCARDO BALSAMO CRIVELLI;;;Scontro laterale fra veicoli in marcia;Incrocio;Una carreggiata a senso unico alternato;Asciutto;Asfaltata;Assente;Sereno;Normale;Buona;Ore Diurne;0;0;0;3;12.5514;41.9061;-1;1;Autovettura privata;In marcia / fermata / arresto;Passeggero;F;Illeso;0;;Non accertato;
3964669;5;27/08/2018 14:32:00;Strada Urbana;VIA RAFFAELE CALZINI;all'intersezione con;PIAZZA RICCARDO BALSAMO CRIVELLI;PIAZZA RICCARDO BALSAMO CRIVELLI;;;Scontro laterale fra veicoli in marcia;Incrocio;Una carreggiata a senso unico alternato;Asciutto;Asfaltata;Assente;Sereno;Normale;Buona;Ore Diurne;0;0;0;3;12.5514;41.9061;-1;2;Autovettura privata;In marcia / fermata / arresto;Conducente;M;Illeso;0;;Non accertato;
3964673;5;27/08/2018 14:33:00;Strada Urbana;VIA DIEGO ANGELI;in corrispondenza;;del civico n.;175;;Veicolo in marcia contro veicoli in sosta;Rettilineo;Una carreggiata a doppio senso;Asciutto;Asfaltata;Assente;Sereno;Normale;Buona;Ore Diurne;0;0;0;1;12.5513;41.9064;-1;1;Autovettura privata;In marcia / fermata / arresto;Conducente;M;Illeso;0;;Non accertato;
3964676;13;27/08/2018 17:20:00;Strada Urbana;LUNGOMARE PAOLO TOSCANELLI;in prossimità;;del civico n.;96;;Veicolo in marcia contro veicoli in sosta;Rettilineo;Due carreggiate;Asciutto;Asfaltata;Orizzontale;Sereno;Normale;Buona;Ore Diurne;0;0;0;1;12.2774;41.7296;-1;1;Autovettura privata;In marcia / fermata / arresto;Conducente;F;Illeso;0;;Non accertato;Inesploso
3964678;1;26/08/2018 15:50:00;Strada Urbana;LUNGOTEVERE MARZIO;in prossimità;;del palo luce n.;1;;Infortunio per sola frenata improvvisa;Rettilineo;Una carreggiata a senso unico di marcia;Bagnato (pioggia);Asfaltata;Verticale ed orizzontale;Pioggia in atto;Normale;Sufficiente;Ore Diurne;0;0;0;1;;;0;1;Motociclo a solo;In marcia / fermata / arresto;Conducente;M;Illeso;0;;Non accertato;
3964686;5;27/08/2018 18:45:00;Strada Urbana;VIA DEI CRISPOLTI;all'intersezione con;VIA LUIGI CESANA;VIA LUIGI CESANA;;;Scontro frontale/laterale DX fra veicoli in marcia;Incrocio;Due carreggiate;Asciutto;Asfaltata;Verticale;Sereno;Normale;Buona;Sufficiente;0;0;0;2;12.5524;41.9105;-1;1;Autovettura privata;In marcia / fermata / arresto;Conducente;F;Illeso;0;;Non accertato;
3964686;5;27/08/2018 18:45:00;Strada Urbana;VIA DEI CRISPOLTI;all'intersezione con;VIA LUIGI CESANA;VIA LUIGI CESANA;;;Scontro frontale/laterale DX fra veicoli in marcia;Incrocio;Due carreggiate;Asciutto;Asfaltata;Verticale;Sereno;Normale;Buona;Sufficiente;0;0;0;2;12.5524;41.9105;-1;2;Autovettura privata;In marcia / fermata / arresto;Conducente;M;Illeso;0;;Non accertato;
3964692;1;27/08/2018 09:15:00;Strada Urbana;VIA EMANUELE FILIBERTO;all'intersezione con;VIA DOMENICO FONTANA;VIA DOMENICO FONTANA;;;Scontro laterale fra veicoli in marcia;Intersezione stradale segnalata;Una carreggiata a doppio senso;Asciutto;Asfaltata;Verticale ed orizzontale;Sereno;Normale;Buona;Ore Diurne;0;0;0;2;12.5069;41.8899;-1;1;Autovettura pubblica;In marcia / fermata / arresto;Conducente;M;Illeso;0;;Non accertato;
3964692;1;27/08/2018 09:15:00;Strada Urbana;VIA EMANUELE FILIBERTO;all'intersezione con;VIA DOMENICO FONTANA;VIA DOMENICO FONTANA;;;Scontro laterale fra veicoli in marcia;Intersezione stradale segnalata;Una carreggiata a doppio senso;Asciutto;Asfaltata;Verticale ed orizzontale;Sereno;Normale;Buona;Ore Diurne;0;0;0;2;12.5069;41.8899;-1;2;Autovettura privata;In marcia / fermata / arresto;Conducente;F;Illeso;0;;Non accertato;
3964694;10;27/08/2018 11:25:00;Strada Urbana;VIA DEL CASALE AGOSTINELLI;in corrispondenza;;del civico n.;86;;Ribaltamento senza urto contro ostacolo fisso;Rettilineo;Una carreggiata a senso unico di marcia;Asciutto;Asfaltata;Assente;Sereno;Scarso;Buona;Ore Diurne;1;0;0;1;12.6064;41.8121;-1;1;Velocipede;In marcia / fermata / arresto;Conducente;M;Rimandato;0;NON DECEDUTO;Esente;
3964694;10;27/08/2018 11:25:00;Strada Urbana;VIA DEL CASALE AGOSTINELLI;in corrispondenza;;del civico n.;86;;Ribaltamento senza urto contro ostacolo fisso;Rettilineo;Una carreggiata a senso unico di marcia;Asciutto;Asfaltata;Assente;Sereno;Scarso;Buona;Ore Diurne;1;0;0;1;12.6064;41.8121;-1;2;Autocarro inferiore 35 q.;In marcia / fermata / arresto;Conducente;M;Illeso;0;;Non accertato;Inesploso
3964696;1;25/08/2018 20:30:00;Strada Urbana;VIA CAVOUR;in prossimità;;del civico n.;19;;Veicolo in marcia contro veicolo in sosta;Rettilineo;Una carreggiata a senso unico di marcia;Asciutto;Asfaltata;Verticale ed orizzontale;Sereno;Scarso;Buona;Sufficiente;0;0;0;1;;;0;1;Autovettura privata;In marcia / fermata / arresto;Conducente;M;Illeso;0;;Non accertato;Inesploso
3964698;4;27/08/2018 21:30:00;Strada Urbana;PIAZZALE DELLE PROVINCIE;all'intersezione con;VIA DELLA LEGA LOMBARDA;VIA DELLA LEGA LOMBARDA;;;Veicolo in marcia contro ostacolo accidentale;Rotatoria;Una carreggiata a senso unico di marcia;Viscido da liquidi oleosi;Asfaltata;Verticale ed orizzontale;Sereno;Normale;Sufficiente;Sufficiente;1;0;0;1;12.521;41.9095;-1;1;Motociclo con passeggero;In marcia / fermata / arresto;Conducente;M;Illeso;0;;;
3964698;4;27/08/2018 21:30:00;Strada Urbana;PIAZZALE DELLE PROVINCIE;all'intersezione con;VIA DELLA LEGA LOMBARDA;VIA DELLA LEGA LOMBARDA;;;Veicolo in marcia contro ostacolo accidentale;Rotatoria;Una carreggiata a senso unico di marcia;Viscido da liquidi oleosi;Asfaltata;Verticale ed orizzontale;Sereno;Normale;Sufficiente;Sufficiente;1;0;0;1;12.521;41.9095;-1;1;Motociclo con passeggero;In marcia / fermata / arresto;Passeggero;F;Rimandato;0;NON DECEDUTO;;
3964711;13;27/08/2018 07:45:00;Provinciale;VIA DEL MARE;in prossimità;;della chilometrica;19.85;;Scontro frontale fra veicoli in marcia;Rettilineo;Una carreggiata a doppio senso;Asciutto;Asfaltata;Verticale ed orizzontale;Sereno;Intenso;Buona;Ore Diurne;3;0;0;0;12.4632;41.8403;-1;1;Autovettura privata;In marcia / fermata / arresto;Conducente;M;Rimandato;0;NON DECEDUTO;;
3964711;13;27/08/2018 07:45:00;Provinciale;VIA DEL MARE;in prossimità;;della chilometrica;19.85;;Scontro frontale fra veicoli in marcia;Rettilineo;Una carreggiata a doppio senso;Asciutto;Asfaltata;Verticale ed orizzontale;Sereno;Intenso;Buona;Ore Diurne;3;0;0;0;12.4632;41.8403;-1;1;Autovettura privata;In marcia / fermata / arresto;Passeggero;M;Rimandato;0;NON DECEDUTO;Non accertato;Esploso
3964711;13;27/08/2018 07:45:00;Provinciale;VIA DEL MARE;in prossimità;;della chilometrica;19.85;;Scontro frontale fra veicoli in marcia;Rettilineo;Una carreggiata a doppio senso;Asciutto;Asfaltata;Verticale ed orizzontale;Sereno;Intenso;Buona;Ore Diurne;3;0;0;0;12.4632;41.8403;-1;2;Autovettura privata;In marcia / fermata / arresto;Conducente;M;Rimandato;0;NON DECEDUTO;Non accertato;Inesploso
3964713;1;26/08/2018 22:45:00;Strada Urbana;VIA CAPO D'AFRICA;all'intersezione con;VIA OSTILIA;VIA OSTILIA;;;Scontro frontale/laterale SX fra veicoli in marcia;Incrocio;Una carreggiata a senso unico di marcia;Asciutto;Asfaltata;Verticale ed orizzontale;Sereno;Scarso;Buona;Sufficiente;2;0;0;2;12.4951;41.8888;-1;1;Autovettura di polizia;In marcia / fermata / arresto;Conducente;M;Rifiuta cure immediate;0;NON DECEDUTO;Non accertato;
3964713;1;26/08/2018 22:45:00;Strada Urbana;VIA CAPO D'AFRICA;all'intersezione con;VIA OSTILIA;VIA OSTILIA;;;Scontro frontale/laterale SX fra veicoli in marcia;Incrocio;Una carreggiata a senso unico di marcia;Asciutto;Asfaltata;Verticale ed orizzontale;Sereno;Scarso;Buona;Sufficiente;2;0;0;2;12.4951;41.8888;-1;1;Autovettura di polizia;In marcia / fermata / arresto;Passeggero;F;Rifiuta cure immediate;0;NON DECEDUTO;Non accertato;